,date,nav
0,01-06-2026,192.31950
1,31-05-2026,193.68360
2,29-05-2026,193.68480
3,27-05-2026,195.05010
4,26-05-2026,194.22580
5,25-05-2026,193.55990
6,22-05-2026,192.12270
7,21-05-2026,191.75750
8,20-05-2026,189.86610
9,19-05-2026,189.55530
10,18-05-2026,187.91260
11,15-05-2026,190.24050
12,14-05-2026,189.93450
13,13-05-2026,190.46400
14,12-05-2026,190.61520
15,11-05-2026,195.58600
16,08-05-2026,196.88210
17,07-05-2026,197.47530
18,06-05-2026,196.00360
19,05-05-2026,194.56180
20,04-05-2026,195.44690
21,30-04-2026,193.41310
22,29-04-2026,194.15230
23,28-04-2026,193.48430
24,27-04-2026,193.83170
25,24-04-2026,191.04250
26,23-04-2026,193.03170
27,22-04-2026,194.19280
28,21-04-2026,192.63970
29,20-04-2026,191.05830
30,17-04-2026,190.52420
31,16-04-2026,188.33160
32,15-04-2026,187.27860
33,13-04-2026,184.34910
34,10-04-2026,184.69670
35,09-04-2026,181.24550
36,08-04-2026,180.57830
37,07-04-2026,174.83420
38,06-04-2026,174.91510
39,02-04-2026,173.84710
40,01-04-2026,173.78200
41,31-03-2026,169.37060
42,30-03-2026,169.37080
43,27-03-2026,172.47390
44,25-03-2026,175.42110
45,24-03-2026,172.00490
46,23-03-2026,169.10910
47,20-03-2026,174.62050
48,19-03-2026,173.90040
49,18-03-2026,177.49080
50,17-03-2026,174.06280
51,16-03-2026,173.81980
52,13-03-2026,173.97540
53,12-03-2026,177.98880
54,11-03-2026,178.38910
55,10-03-2026,178.84190
56,09-03-2026,175.77420
57,06-03-2026,178.97840
58,05-03-2026,179.32390
59,04-03-2026,177.99610
60,02-03-2026,181.31750
61,28-02-2026,184.75790
62,27-02-2026,184.75810
63,26-02-2026,186.09500
64,25-02-2026,186.04880
65,24-02-2026,186.20800
66,23-02-2026,187.57210
67,20-02-2026,186.22280
68,19-02-2026,186.66660
69,18-02-2026,188.21280
70,17-02-2026,187.64370
71,16-02-2026,185.84710
72,13-02-2026,187.23600
73,12-02-2026,189.60290
74,11-02-2026,189.74640
75,10-02-2026,189.01900
76,09-02-2026,188.46900
77,06-02-2026,184.62700
78,05-02-2026,185.69490
79,04-02-2026,186.77740
80,03-02-2026,186.70090
81,02-02-2026,180.54240
82,31-01-2026,183.30100
83,30-01-2026,183.30210
84,29-01-2026,179.94080
85,28-01-2026,181.08730
86,27-01-2026,179.55150
87,23-01-2026,179.80350
88,22-01-2026,182.75440
89,21-01-2026,181.53250
90,20-01-2026,181.83500
91,19-01-2026,185.40420
92,16-01-2026,186.97190
93,14-01-2026,187.33750
94,13-01-2026,187.65940
95,12-01-2026,186.18370
96,09-01-2026,187.09710
97,08-01-2026,190.16000
98,07-01-2026,193.31730
99,06-01-2026,193.70270
100,05-01-2026,194.37860
101,02-01-2026,194.57400
102,01-01-2026,193.64170
103,31-12-2025,193.77240
104,30-12-2025,191.95010
105,29-12-2025,192.54100
106,26-12-2025,192.59130
107,24-12-2025,193.28480
108,23-12-2025,193.26520
109,22-12-2025,192.25730
110,19-12-2025,191.11570
111,18-12-2025,189.54200
112,17-12-2025,190.06210
113,16-12-2025,191.31430
114,15-12-2025,193.13250
115,12-12-2025,192.33770
116,11-12-2025,191.49520
117,10-12-2025,191.25570
118,09-12-2025,191.35730
119,08-12-2025,190.15910
120,05-12-2025,193.14510
121,04-12-2025,193.45990
122,03-12-2025,194.33550
123,02-12-2025,194.43120
124,01-12-2025,195.36260
125,30-11-2025,194.97900
126,28-11-2025,194.97840
127,27-11-2025,195.14900
128,26-11-2025,195.85550
129,25-11-2025,194.20420
130,24-11-2025,193.90920
131,21-11-2025,194.25170
132,20-11-2025,196.07320
133,19-11-2025,196.52800
134,18-11-2025,196.94780
135,17-11-2025,197.92120
136,14-11-2025,197.06760
137,13-11-2025,196.54650
138,12-11-2025,196.88400
139,11-11-2025,196.44860
140,10-11-2025,196.24510
141,07-11-2025,197.31500
142,06-11-2025,197.80320
143,04-11-2025,200.46780
144,03-11-2025,200.97090
145,31-10-2025,199.82340
146,30-10-2025,200.51850
147,29-10-2025,201.03750
148,28-10-2025,200.63480
149,27-10-2025,199.79650
150,24-10-2025,198.41150
151,23-10-2025,198.75210
152,20-10-2025,197.52580
153,17-10-2025,197.10750
154,16-10-2025,196.95210
155,15-10-2025,194.70000
156,14-10-2025,193.39750
157,13-10-2025,194.53640
158,10-10-2025,195.11850
159,09-10-2025,195.03760
160,08-10-2025,195.85870
161,07-10-2025,196.42940
162,06-10-2025,196.54830
163,03-10-2025,196.29650
164,01-10-2025,195.08560
165,30-09-2025,193.88220
166,26-09-2025,194.09730
167,25-09-2025,197.34470
168,24-09-2025,198.88610
169,23-09-2025,199.45730
170,22-09-2025,200.25390
171,19-09-2025,201.30600
172,18-09-2025,201.54470
173,17-09-2025,201.82000
174,16-09-2025,201.17950
175,15-09-2025,200.09670
176,12-09-2025,199.07160
177,11-09-2025,198.98350
178,10-09-2025,198.70750
179,09-09-2025,198.24440
180,08-09-2025,197.44800
181,05-09-2025,197.59390
182,04-09-2025,197.68870
183,03-09-2025,197.63250
184,02-09-2025,196.23670
185,01-09-2025,195.73430
186,31-08-2025,193.75370
187,29-08-2025,193.75320
188,28-08-2025,194.48930
189,26-08-2025,195.59460
190,25-08-2025,198.78050
191,22-08-2025,199.11560
192,21-08-2025,200.05540
193,20-08-2025,198.84770
194,19-08-2025,198.03890
195,18-08-2025,196.92030
196,14-08-2025,193.41310
197,13-08-2025,192.92220
198,12-08-2025,192.70500
199,11-08-2025,193.15840
200,08-08-2025,191.95750
201,07-08-2025,193.00640
202,06-08-2025,193.57560
203,05-08-2025,194.97310
204,04-08-2025,195.65360
205,01-08-2025,194.95480
206,31-07-2025,197.48900
207,30-07-2025,198.45080
208,29-07-2025,197.81460
209,28-07-2025,197.46290
210,25-07-2025,199.43490
211,24-07-2025,202.72100
212,23-07-2025,203.90430
213,22-07-2025,203.37140
214,21-07-2025,203.80280
215,18-07-2025,204.03560
216,17-07-2025,204.90430
217,16-07-2025,203.68350
218,15-07-2025,203.92680
219,14-07-2025,202.01890
220,11-07-2025,201.26060
221,10-07-2025,201.59850
222,09-07-2025,201.32870
223,08-07-2025,200.43960
224,07-07-2025,200.32350
225,04-07-2025,200.67620
226,03-07-2025,200.01860
227,02-07-2025,199.34090
228,01-07-2025,200.26720
229,30-06-2025,200.31780
230,27-06-2025,198.06880
231,26-06-2025,197.22860
232,25-06-2025,197.44050
233,24-06-2025,194.48380
234,23-06-2025,192.97300
235,20-06-2025,192.58720
236,19-06-2025,192.15350
237,18-06-2025,194.74980
238,17-06-2025,194.49760
239,16-06-2025,194.31170
240,13-06-2025,193.87020
241,12-06-2025,194.31590
242,11-06-2025,196.31550
243,10-06-2025,196.32030
244,09-06-2025,196.22680
245,06-06-2025,194.43670
246,05-06-2025,193.46220
247,04-06-2025,193.32410
248,03-06-2025,193.35580
249,02-06-2025,193.01410
250,31-05-2025,192.67840
251,30-05-2025,192.67720
252,29-05-2025,192.49060
253,28-05-2025,192.23220
254,27-05-2025,191.69150
255,26-05-2025,192.01160
256,23-05-2025,190.74280
257,22-05-2025,190.22970
258,21-05-2025,190.27080
259,20-05-2025,190.16200
260,19-05-2025,192.00150
261,16-05-2025,190.55430
262,15-05-2025,189.77160
263,14-05-2025,188.34010
264,13-05-2025,185.91990
265,12-05-2025,185.51940
266,09-05-2025,180.30790
267,08-05-2025,181.21480
268,07-05-2025,182.51470
269,06-05-2025,180.87420
270,05-05-2025,183.67000
271,02-05-2025,181.67630
272,30-04-2025,181.85270
273,29-04-2025,184.47490
274,28-04-2025,184.79840
275,25-04-2025,184.38920
276,24-04-2025,187.44420
277,23-04-2025,187.49180
278,22-04-2025,187.45940
279,21-04-2025,186.10860
280,17-04-2025,183.49400
281,16-04-2025,182.67970
282,15-04-2025,181.46880
283,11-04-2025,177.35900
284,09-04-2025,173.40240
285,08-04-2025,174.61980
286,07-04-2025,171.89300
287,04-04-2025,176.88530
288,03-04-2025,181.02050
289,02-04-2025,180.50400
290,01-04-2025,178.30730
291,31-03-2025,178.56280
292,28-03-2025,178.55480
293,27-03-2025,178.65350
294,26-03-2025,178.86170
295,25-03-2025,181.14990
296,24-03-2025,181.66260
297,21-03-2025,179.87650
298,20-03-2025,177.25460
299,19-03-2025,176.27700
300,18-03-2025,174.30650
301,17-03-2025,170.84150
302,13-03-2025,170.44540
303,12-03-2025,170.91270
304,11-03-2025,170.81180
305,10-03-2025,171.88780
306,07-03-2025,173.64640
307,06-03-2025,173.05460
308,05-03-2025,170.53780
309,04-03-2025,167.41440
310,03-03-2025,166.53630
311,28-02-2025,167.27530
312,27-02-2025,169.27610
313,25-02-2025,170.57720
314,24-02-2025,171.02810
315,21-02-2025,173.19400
316,20-02-2025,173.72510
317,19-02-2025,172.85420
318,18-02-2025,170.63510
319,17-02-2025,172.60170
320,14-02-2025,173.70270
321,13-02-2025,177.22140
322,12-02-2025,178.06730
323,11-02-2025,178.80970
324,10-02-2025,183.49470
325,07-02-2025,186.60010
326,06-02-2025,188.22360
327,05-02-2025,188.00120
328,04-02-2025,187.74020
329,03-02-2025,186.58870
330,31-01-2025,185.89270
331,30-01-2025,183.94810
332,29-01-2025,184.47400
333,28-01-2025,179.99810
334,27-01-2025,181.15050
335,24-01-2025,184.83570
336,23-01-2025,187.60260
337,22-01-2025,186.99250
338,21-01-2025,189.03020
339,20-01-2025,191.86990
340,17-01-2025,190.54740
341,16-01-2025,191.54610
342,15-01-2025,190.29080
343,14-01-2025,189.43940
344,13-01-2025,187.97080
345,10-01-2025,194.09510
346,09-01-2025,197.39780
347,08-01-2025,199.10830
348,07-01-2025,201.51000
349,06-01-2025,199.93250
350,03-01-2025,204.74730
351,02-01-2025,204.95800
352,01-01-2025,204.01330
353,31-12-2024,202.02500
354,30-12-2024,200.94740
355,27-12-2024,202.27440
356,26-12-2024,201.17120
357,24-12-2024,201.91170
358,23-12-2024,201.82350
359,20-12-2024,203.86390
360,19-12-2024,208.18140
361,18-12-2024,208.90390
362,17-12-2024,209.14900
363,16-12-2024,209.93610
364,13-12-2024,209.47050
365,12-12-2024,209.13640
366,11-12-2024,210.48870
367,10-12-2024,210.19360
368,09-12-2024,209.11880
369,06-12-2024,207.77930
370,05-12-2024,206.96340
371,04-12-2024,206.87990
372,03-12-2024,205.61420
373,02-12-2024,203.06620
374,30-11-2024,203.23060
375,29-11-2024,203.22980
376,28-11-2024,202.20460
377,27-11-2024,202.23030
378,26-11-2024,201.59810
379,25-11-2024,201.24270
380,22-11-2024,196.96790
381,21-11-2024,196.01740
382,19-11-2024,196.91490
383,18-11-2024,194.96320
384,14-11-2024,195.88250
385,13-11-2024,194.60350
386,12-11-2024,198.66500
387,11-11-2024,201.17830
388,08-11-2024,202.85580
389,07-11-2024,204.91850
390,06-11-2024,205.59320
391,05-11-2024,203.88450
392,04-11-2024,204.18210
393,31-10-2024,204.70650
394,30-10-2024,201.17000
395,29-10-2024,199.66210
396,28-10-2024,198.76200
397,25-10-2024,199.02570
398,24-10-2024,202.37940
399,23-10-2024,204.16040
400,22-10-2024,204.11900
401,21-10-2024,209.18120
402,18-10-2024,212.42580
403,17-10-2024,212.58360
404,16-10-2024,214.61380
405,15-10-2024,214.67670
406,14-10-2024,212.70610
407,11-10-2024,211.86820
408,10-10-2024,211.20750
409,09-10-2024,211.46180
410,08-10-2024,209.71250
411,07-10-2024,205.93070
412,04-10-2024,210.64500
413,03-10-2024,211.10730
414,01-10-2024,214.27590
415,30-09-2024,213.85410
416,27-09-2024,213.82450
417,26-09-2024,212.39300
418,25-09-2024,213.20710
419,24-09-2024,212.94540
420,23-09-2024,213.66070
421,20-09-2024,212.07530
422,19-09-2024,211.29030
423,18-09-2024,212.19740
424,17-09-2024,212.87130
425,16-09-2024,213.11800
426,13-09-2024,212.68240
427,12-09-2024,211.28420
428,11-09-2024,210.11110
429,10-09-2024,211.83530
430,09-09-2024,208.70900
431,06-09-2024,209.50180
432,05-09-2024,210.08360
433,04-09-2024,208.90430
434,03-09-2024,209.17100
435,02-09-2024,208.31130
436,31-08-2024,208.41670
437,30-08-2024,208.41680
438,29-08-2024,207.04990
439,28-08-2024,207.89870
440,27-08-2024,207.49040
441,26-08-2024,206.78640
442,23-08-2024,206.38890
443,22-08-2024,206.14190
444,21-08-2024,205.69040
445,20-08-2024,204.27780
446,19-08-2024,204.10160
447,16-08-2024,202.84710
448,14-08-2024,200.55320
449,13-08-2024,201.61010
450,12-08-2024,202.17420
451,09-08-2024,201.56990
452,08-08-2024,201.09250
453,07-08-2024,202.00340
454,06-08-2024,199.01140
455,05-08-2024,199.56190
456,02-08-2024,206.20350
457,01-08-2024,207.84030
458,31-07-2024,208.43580
459,30-07-2024,208.69120
460,29-07-2024,208.25480
461,26-07-2024,205.42050
462,25-07-2024,203.74190
463,24-07-2024,204.46770
464,23-07-2024,201.70180
465,22-07-2024,202.03550
466,19-07-2024,200.73470
467,18-07-2024,203.60470
468,16-07-2024,204.64390
469,15-07-2024,204.26510
470,12-07-2024,204.37660
471,11-07-2024,205.33260
472,10-07-2024,204.00500
473,09-07-2024,204.74340
474,08-07-2024,203.95050
475,05-07-2024,204.89210
476,04-07-2024,203.57230
477,03-07-2024,202.90490
478,02-07-2024,200.59120
479,01-07-2024,200.45560
480,30-06-2024,197.87550
481,28-06-2024,197.87460
482,27-06-2024,197.54100
483,26-06-2024,198.68260
484,25-06-2024,199.28880
485,24-06-2024,198.96450
486,21-06-2024,198.84530
487,20-06-2024,198.73210
488,19-06-2024,197.86450
489,18-06-2024,198.25160
490,14-06-2024,198.12810
491,13-06-2024,196.43830
492,12-06-2024,195.44150
493,11-06-2024,193.73580
494,10-06-2024,192.35180
495,07-06-2024,189.56980
496,06-06-2024,186.50830
497,05-06-2024,183.04960
498,04-06-2024,178.35910
499,03-06-2024,186.91550
500,31-05-2024,183.55500
501,30-05-2024,181.99070
502,29-05-2024,183.91990
503,28-05-2024,183.29630
504,27-05-2024,183.96720
505,24-05-2024,184.22960
506,23-05-2024,184.86470
507,22-05-2024,185.17180
508,21-05-2024,184.77490
509,17-05-2024,183.66970
510,16-05-2024,181.91380
511,15-05-2024,179.54070
512,14-05-2024,177.76550
513,13-05-2024,175.80480
514,10-05-2024,175.77960
515,09-05-2024,174.97820
516,08-05-2024,179.08460
517,07-05-2024,178.25650
518,06-05-2024,179.81960
519,03-05-2024,180.58290
520,02-05-2024,181.82800
521,30-04-2024,181.43470
522,29-04-2024,181.05300
523,26-04-2024,180.42500
524,25-04-2024,180.43450
525,24-04-2024,179.53280
526,23-04-2024,178.20840
527,22-04-2024,177.25860
528,19-04-2024,175.64450
529,18-04-2024,174.74650
530,16-04-2024,174.64190
531,15-04-2024,174.15540
532,12-04-2024,175.80470
533,10-04-2024,176.92020
534,09-04-2024,175.30610
535,08-04-2024,175.56460
536,05-04-2024,175.35380
537,04-04-2024,174.63640
538,03-04-2024,173.69260
539,02-04-2024,172.32720
540,01-04-2024,171.31840
541,31-03-2024,167.81360
542,28-03-2024,167.81390
543,27-03-2024,167.18190
544,26-03-2024,166.38440
545,22-03-2024,166.58970
546,21-03-2024,165.01480
547,20-03-2024,162.07690
548,19-03-2024,162.38850
549,18-03-2024,163.10550
550,15-03-2024,162.61570
551,14-03-2024,162.56190
552,13-03-2024,160.58350
553,12-03-2024,166.20620
554,11-03-2024,168.47940
555,07-03-2024,169.98460
556,06-03-2024,168.78030
557,05-03-2024,171.44490
558,04-03-2024,172.01160
559,01-03-2024,171.38620
560,29-02-2024,169.96340
561,28-02-2024,169.67810
562,27-02-2024,171.15060
563,26-02-2024,170.77230
564,23-02-2024,170.75130
565,22-02-2024,169.45300
566,21-02-2024,169.26090
567,20-02-2024,169.79750
568,19-02-2024,169.64210
569,16-02-2024,169.68790
570,15-02-2024,168.78300
571,14-02-2024,168.05510
572,13-02-2024,166.35530
573,12-02-2024,165.36070
574,09-02-2024,168.08130
575,08-02-2024,168.68940
576,07-02-2024,168.70670
577,06-02-2024,168.02770
578,05-02-2024,165.80490
579,02-02-2024,166.81720
580,01-02-2024,166.51910
581,31-01-2024,167.08530
582,30-01-2024,163.88540
583,29-01-2024,164.24300
584,25-01-2024,163.06420
585,24-01-2024,162.90440
586,23-01-2024,161.13050
587,19-01-2024,162.83230
588,18-01-2024,162.26090
589,17-01-2024,162.90310
590,16-01-2024,164.43210
591,15-01-2024,165.01830
592,12-01-2024,164.21060
593,11-01-2024,163.71650
594,10-01-2024,162.75620
595,09-01-2024,162.83110
596,08-01-2024,162.59160
597,05-01-2024,163.74990
598,04-01-2024,162.76090
599,03-01-2024,162.10600
600,02-01-2024,162.06460
601,01-01-2024,161.42720
602,29-12-2023,161.23570
603,28-12-2023,159.96250
604,27-12-2023,159.80290
605,26-12-2023,159.32410
606,22-12-2023,159.20230
607,21-12-2023,158.63270
608,20-12-2023,157.12700
609,19-12-2023,161.06180
610,18-12-2023,161.43560
611,15-12-2023,161.54280
612,14-12-2023,161.06090
613,13-12-2023,159.94020
614,12-12-2023,159.44360
615,11-12-2023,159.79540
616,08-12-2023,159.55530
617,07-12-2023,159.95680
618,06-12-2023,159.48490
619,05-12-2023,159.50410
620,04-12-2023,158.81010
621,01-12-2023,157.41760
622,30-11-2023,157.43140
623,29-11-2023,155.71050
624,28-11-2023,155.64510
625,24-11-2023,154.68300
626,23-11-2023,154.39260
627,22-11-2023,154.43410
628,21-11-2023,154.97010
629,20-11-2023,153.98730
630,17-11-2023,153.40800
631,16-11-2023,152.83770
632,15-11-2023,152.73980
633,13-11-2023,151.31400
634,10-11-2023,150.57810
635,09-11-2023,150.39980
636,08-11-2023,150.53310
637,07-11-2023,150.04940
638,06-11-2023,149.59200
639,03-11-2023,148.72050
640,02-11-2023,147.81920
641,01-11-2023,147.15460
642,31-10-2023,147.56260
643,30-10-2023,147.19740
644,27-10-2023,147.27930
645,26-10-2023,145.45300
646,25-10-2023,146.78620
647,23-10-2023,148.01860
648,20-10-2023,152.89160
649,19-10-2023,153.63700
650,18-10-2023,153.62520
651,17-10-2023,153.48660
652,16-10-2023,152.97470
653,13-10-2023,151.99220
654,12-10-2023,152.01910
655,11-10-2023,151.72290
656,10-10-2023,150.85630
657,09-10-2023,149.68450
658,06-10-2023,151.72000
659,05-10-2023,151.05840
660,04-10-2023,150.84800
661,03-10-2023,151.72950
662,29-09-2023,151.24970
663,27-09-2023,151.75530
664,26-09-2023,151.15260
665,25-09-2023,151.19660
666,22-09-2023,151.25970
667,21-09-2023,150.82720
668,20-09-2023,152.93130
669,18-09-2023,152.70610
670,15-09-2023,153.19300
671,14-09-2023,153.13890
672,13-09-2023,151.90550
673,12-09-2023,151.65830
674,11-09-2023,154.99080
675,08-09-2023,153.84310
676,07-09-2023,153.15100
677,06-09-2023,151.61470
678,05-09-2023,151.76550
679,04-09-2023,151.57480
680,01-09-2023,150.41260
681,31-08-2023,150.23060
682,30-08-2023,149.28840
683,29-08-2023,148.56920
684,28-08-2023,148.10740
685,25-08-2023,147.08850
686,24-08-2023,147.62330
687,23-08-2023,147.66660
688,22-08-2023,147.42070
689,21-08-2023,145.96920
690,18-08-2023,145.49760
691,17-08-2023,145.50100
692,16-08-2023,145.84700
693,14-08-2023,145.33910
694,11-08-2023,145.58810
695,10-08-2023,145.47230
696,09-08-2023,146.32930
697,08-08-2023,145.50020
698,07-08-2023,145.72720
699,04-08-2023,145.71290
700,03-08-2023,145.07950
701,02-08-2023,145.42340
702,01-08-2023,146.74570
703,31-07-2023,146.15820
704,28-07-2023,144.58240
705,27-07-2023,143.83590
706,26-07-2023,143.61880
707,25-07-2023,143.18630
708,24-07-2023,143.18320
709,21-07-2023,142.80640
710,20-07-2023,143.06150
711,19-07-2023,142.43170
712,18-07-2023,141.89480
713,17-07-2023,142.20500
714,14-07-2023,141.09830
715,13-07-2023,140.34480
716,12-07-2023,140.80360
717,11-07-2023,139.90540
718,10-07-2023,139.47430
719,07-07-2023,139.51120
720,06-07-2023,139.62780
721,05-07-2023,138.95790
722,04-07-2023,138.28760
723,03-07-2023,138.67420
724,30-06-2023,138.08830
725,28-06-2023,137.56100
726,27-06-2023,137.51730
727,26-06-2023,137.17380
728,23-06-2023,136.35240
729,22-06-2023,137.25140
730,21-06-2023,137.85180
731,20-06-2023,137.38780
732,19-06-2023,137.02580
733,16-06-2023,137.26180
734,15-06-2023,136.67750
735,14-06-2023,136.54230
736,13-06-2023,135.98440
737,12-06-2023,134.70180
738,09-06-2023,134.11180
739,08-06-2023,134.56460
740,07-06-2023,134.98550
741,06-06-2023,133.57340
742,05-06-2023,133.11770
743,02-06-2023,132.61400
744,01-06-2023,132.33410
745,31-05-2023,132.29130
746,30-05-2023,131.90120
747,29-05-2023,131.71390
748,26-05-2023,131.58210
749,25-05-2023,131.16350
750,24-05-2023,130.98640
751,23-05-2023,130.87000
752,22-05-2023,131.12640
753,19-05-2023,130.23830
754,18-05-2023,130.64470
755,17-05-2023,130.56820
756,16-05-2023,130.81270
757,15-05-2023,130.52590
758,12-05-2023,130.14330
759,11-05-2023,130.28510
760,10-05-2023,129.45460
761,09-05-2023,128.82740
762,08-05-2023,128.98770
763,05-05-2023,127.73710
764,04-05-2023,128.18460
765,03-05-2023,127.49300
766,02-05-2023,127.35450
767,28-04-2023,127.17120
768,27-04-2023,126.33800
769,26-04-2023,125.86180
770,25-04-2023,125.39490
771,24-04-2023,125.37200
772,21-04-2023,125.22840
773,20-04-2023,125.37920
774,19-04-2023,124.62460
775,18-04-2023,124.32440
776,17-04-2023,124.27280
777,13-04-2023,123.99110
778,12-04-2023,123.68080
779,11-04-2023,123.22150
780,10-04-2023,122.94160
781,06-04-2023,122.78110
782,05-04-2023,122.62120
783,03-04-2023,122.12710
784,31-03-2023,121.71440
785,29-03-2023,120.03710
786,28-03-2023,118.30580
787,27-03-2023,119.38300
788,24-03-2023,120.27450
789,23-03-2023,121.70650
790,22-03-2023,121.41560
791,21-03-2023,120.99530
792,20-03-2023,120.33440
793,17-03-2023,121.44600
794,16-03-2023,120.94170
795,15-03-2023,121.86050
796,14-03-2023,121.75290
797,13-03-2023,122.77710
798,10-03-2023,124.21100
799,09-03-2023,124.55020
800,08-03-2023,124.74690
801,06-03-2023,124.83390
802,03-03-2023,123.94810
803,02-03-2023,123.39930
804,01-03-2023,123.66500
805,28-02-2023,122.87010
806,27-02-2023,122.05520
807,24-02-2023,123.17770
808,23-02-2023,123.05130
809,22-02-2023,123.39200
810,21-02-2023,124.51720
811,20-02-2023,124.98140
812,17-02-2023,125.11190
813,16-02-2023,124.97140
814,15-02-2023,124.45060
815,14-02-2023,124.09160
816,13-02-2023,124.40560
817,10-02-2023,125.17020
818,09-02-2023,124.73790
819,08-02-2023,125.11170
820,07-02-2023,124.41820
821,06-02-2023,123.99210
822,03-02-2023,124.29070
823,02-02-2023,124.00830
824,01-02-2023,123.47840
825,31-01-2023,124.31380
826,30-01-2023,122.36330
827,27-01-2023,122.69620
828,25-01-2023,123.75220
829,24-01-2023,124.13280
830,23-01-2023,124.42500
831,20-01-2023,124.80500
832,19-01-2023,125.54330
833,18-01-2023,125.71860
834,17-01-2023,125.80740
835,16-01-2023,125.98320
836,13-01-2023,126.05880
837,12-01-2023,126.19640
838,11-01-2023,125.90800
839,10-01-2023,125.80040
840,09-01-2023,126.44620
841,06-01-2023,125.71850
842,05-01-2023,126.73270
843,04-01-2023,126.72660
844,03-01-2023,127.70460
845,02-01-2023,127.84040
846,30-12-2022,127.33480
847,29-12-2022,127.02110
848,28-12-2022,126.64490
849,27-12-2022,126.32000
850,26-12-2022,125.30490
851,23-12-2022,122.57510
852,22-12-2022,125.96630
853,21-12-2022,128.15640
854,20-12-2022,130.28140
855,19-12-2022,129.92220
856,16-12-2022,129.88910
857,15-12-2022,130.95910
858,14-12-2022,131.99510
859,13-12-2022,131.07840
860,12-12-2022,130.62560
861,09-12-2022,130.59030
862,08-12-2022,131.32880
863,07-12-2022,130.61840
864,06-12-2022,130.92860
865,05-12-2022,131.04080
866,02-12-2022,130.68550
867,01-12-2022,130.27580
868,30-11-2022,129.50970
869,29-11-2022,128.54400
870,28-11-2022,129.01660
871,25-11-2022,128.55620
872,24-11-2022,128.25670
873,23-11-2022,127.74930
874,22-11-2022,127.42690
875,21-11-2022,127.65350
876,18-11-2022,127.40220
877,17-11-2022,128.07440
878,16-11-2022,128.11350
879,15-11-2022,127.40280
880,14-11-2022,127.49320
881,11-11-2022,127.74700
882,10-11-2022,127.72200
883,09-11-2022,128.44300
884,07-11-2022,128.99030
885,04-11-2022,128.61500
886,03-11-2022,128.43450
887,02-11-2022,128.45680
888,01-11-2022,127.86030
889,31-10-2022,127.64110
890,28-10-2022,127.84950
891,27-10-2022,128.57420
892,25-10-2022,128.14430
893,21-10-2022,127.68500
894,20-10-2022,128.71590
895,19-10-2022,128.66490
896,18-10-2022,128.08460
897,17-10-2022,127.49360
898,14-10-2022,127.33710
899,13-10-2022,127.08320
900,12-10-2022,127.81170
901,11-10-2022,127.55030
902,10-10-2022,128.28790
903,07-10-2022,129.38890
904,06-10-2022,128.88440
905,04-10-2022,128.24360
906,03-10-2022,127.13510
907,30-09-2022,126.73840
908,29-09-2022,125.20230
909,28-09-2022,124.43190
910,27-09-2022,124.64060
911,26-09-2022,123.84370
912,23-09-2022,126.96710
913,22-09-2022,128.60600
914,21-09-2022,128.62300
915,20-09-2022,128.89830
916,19-09-2022,127.81660
917,16-09-2022,128.00290
918,15-09-2022,130.84770
919,14-09-2022,131.51050
920,13-09-2022,130.99840
921,12-09-2022,131.27110
922,09-09-2022,130.16620
923,08-09-2022,129.83880
924,07-09-2022,128.99030
925,06-09-2022,127.81200
926,05-09-2022,126.98830
927,02-09-2022,126.10910
928,01-09-2022,124.82650
929,30-08-2022,124.71270
930,29-08-2022,123.24180
931,26-08-2022,123.65620
932,25-08-2022,123.25720
933,24-08-2022,122.91310
934,23-08-2022,122.13780
935,22-08-2022,121.15940
936,19-08-2022,121.89630
937,18-08-2022,123.10310
938,17-08-2022,122.70030
939,16-08-2022,122.57980
940,12-08-2022,122.14650
941,11-08-2022,122.04360
942,10-08-2022,121.78950
943,08-08-2022,120.85290
944,05-08-2022,119.50010
945,04-08-2022,119.53510
946,03-08-2022,119.36710
947,02-08-2022,119.67090
948,01-08-2022,118.42850
949,29-07-2022,115.82620
950,28-07-2022,115.42120
951,27-07-2022,114.22380
952,26-07-2022,113.93630
953,25-07-2022,114.32510
954,22-07-2022,114.09000
955,21-07-2022,113.40940
956,20-07-2022,112.98680
957,19-07-2022,112.80460
958,18-07-2022,111.93220
959,15-07-2022,111.19870
960,14-07-2022,110.55230
961,13-07-2022,110.68760
962,12-07-2022,110.52170
963,11-07-2022,111.37350
964,08-07-2022,110.32050
965,07-07-2022,110.09590
966,06-07-2022,109.45310
967,05-07-2022,108.90190
968,04-07-2022,108.08600
969,01-07-2022,107.25110
970,30-06-2022,107.34470
971,29-06-2022,107.52980
972,28-06-2022,107.84570
973,27-06-2022,107.74300
974,24-06-2022,106.56300
975,23-06-2022,105.58260
976,22-06-2022,104.27180
977,21-06-2022,104.87010
978,20-06-2022,103.20490
979,17-06-2022,104.89110
980,16-06-2022,105.83600
981,15-06-2022,107.95690
982,14-06-2022,107.76550
983,13-06-2022,108.19730
984,10-06-2022,110.36110
985,09-06-2022,110.77300
986,08-06-2022,110.69600
987,07-06-2022,110.87410
988,06-06-2022,111.46800
989,03-06-2022,111.68540
990,02-06-2022,113.04470
991,01-06-2022,113.04690
992,31-05-2022,111.39850
993,30-05-2022,110.88540
994,27-05-2022,109.12390
995,26-05-2022,109.06410
996,25-05-2022,108.47360
997,24-05-2022,110.35920
998,23-05-2022,110.71940
999,20-05-2022,110.52060
1000,19-05-2022,109.17370
1001,18-05-2022,110.42420
1002,17-05-2022,110.51260
1003,16-05-2022,108.38100
1004,13-05-2022,107.04810
1005,12-05-2022,106.82650
1006,11-05-2022,108.19240
1007,10-05-2022,109.62780
1008,09-05-2022,111.10720
1009,06-05-2022,111.91700
1010,05-05-2022,113.39280
1011,04-05-2022,113.54790
1012,02-05-2022,115.66750
1013,29-04-2022,116.43710
1014,28-04-2022,117.26540
1015,27-04-2022,116.32390
1016,26-04-2022,116.53810
1017,25-04-2022,115.73640
1018,22-04-2022,116.98770
1019,21-04-2022,117.06810
1020,20-04-2022,116.07930
1021,19-04-2022,116.06710
1022,18-04-2022,117.00860
1023,13-04-2022,117.55220
1024,12-04-2022,117.62720
1025,11-04-2022,118.74340
1026,08-04-2022,118.15900
1027,07-04-2022,117.38080
1028,06-04-2022,117.96150
1029,05-04-2022,117.67290
1030,04-04-2022,116.18190
1031,01-04-2022,114.86550
1032,31-03-2022,113.38810
1033,30-03-2022,113.39380
1034,29-03-2022,112.83300
1035,28-03-2022,111.37730
1036,25-03-2022,111.84140
1037,24-03-2022,112.12900
1038,23-03-2022,112.05940
1039,22-03-2022,111.81360
1040,21-03-2022,111.80340
1041,17-03-2022,112.12780
1042,16-03-2022,111.49960
1043,15-03-2022,110.79150
1044,14-03-2022,111.37760
1045,11-03-2022,110.39590
1046,10-03-2022,109.83990
1047,09-03-2022,108.75360
1048,08-03-2022,107.10740
1049,07-03-2022,106.65620
1050,04-03-2022,108.44320
1051,03-03-2022,109.95230
1052,02-03-2022,109.78980
1053,28-02-2022,109.87350
1054,25-02-2022,109.14470
1055,24-02-2022,105.59190
1056,23-02-2022,109.88920
1057,22-02-2022,109.24150
1058,21-02-2022,110.55550
1059,18-02-2022,112.61630
1060,17-02-2022,113.00940
1061,16-02-2022,113.47020
1062,15-02-2022,112.28590
1063,14-02-2022,111.16490
1064,11-02-2022,114.58050
1065,10-02-2022,116.36100
1066,09-02-2022,116.66280
1067,08-02-2022,116.98970
1068,07-02-2022,118.12130
1069,04-02-2022,118.17790
1070,03-02-2022,117.93840
1071,02-02-2022,118.29250
1072,01-02-2022,116.86150
1073,31-01-2022,115.13830
1074,28-01-2022,113.75420
1075,27-01-2022,113.46440
1076,25-01-2022,114.92650
1077,24-01-2022,113.83880
1078,21-01-2022,118.88710
1079,20-01-2022,120.13110
1080,19-01-2022,120.16820
1081,18-01-2022,120.37380
1082,17-01-2022,121.88900
1083,14-01-2022,121.51440
1084,13-01-2022,120.61450
1085,12-01-2022,120.50300
1086,11-01-2022,119.21220
1087,10-01-2022,119.25900
1088,07-01-2022,118.05780
1089,06-01-2022,118.07800
1090,05-01-2022,117.84490
1091,04-01-2022,117.99370
1092,03-01-2022,117.82950
1093,31-12-2021,116.51350
1094,30-12-2021,115.03920
1095,29-12-2021,115.10700
1096,28-12-2021,114.18700
1097,27-12-2021,113.10130
1098,24-12-2021,113.00340
1099,23-12-2021,114.06030
1100,22-12-2021,113.50080
1101,21-12-2021,112.13470
1102,20-12-2021,111.42910
1103,17-12-2021,114.41820
1104,16-12-2021,115.56210
1105,15-12-2021,116.73340
1106,14-12-2021,116.56610
1107,13-12-2021,116.67310
1108,10-12-2021,117.02950
1109,09-12-2021,116.41890
1110,08-12-2021,115.99550
1111,07-12-2021,115.56930
1112,06-12-2021,114.23750
1113,03-12-2021,115.49890
1114,02-12-2021,115.18030
1115,01-12-2021,114.52250
1116,30-11-2021,114.60610
1117,29-11-2021,112.04060
1118,26-11-2021,113.75810
1119,25-11-2021,117.33650
1120,24-11-2021,116.93820
1121,23-11-2021,115.76250
1122,22-11-2021,114.56340
1123,18-11-2021,116.99580
1124,17-11-2021,118.15130
1125,16-11-2021,118.62130
1126,15-11-2021,119.23900
1127,12-11-2021,119.29120
1128,11-11-2021,118.42350
1129,10-11-2021,117.90590
1130,09-11-2021,117.90770
1131,08-11-2021,117.30550
1132,03-11-2021,115.52220
1133,02-11-2021,115.51780
1134,01-11-2021,114.25790
1135,29-10-2021,113.67150
1136,28-10-2021,113.47500
1137,27-10-2021,114.11780
1138,26-10-2021,113.51630
1139,25-10-2021,111.99620
1140,22-10-2021,113.43480
1141,21-10-2021,113.88610
1142,20-10-2021,113.49120
1143,19-10-2021,116.25450
1144,18-10-2021,117.52220
1145,14-10-2021,116.69190
1146,13-10-2021,116.44360
1147,12-10-2021,115.22740
1148,11-10-2021,115.13360
1149,08-10-2021,114.39720
1150,07-10-2021,113.95120
1151,06-10-2021,112.53830
1152,05-10-2021,112.87150
1153,04-10-2021,112.83350
1154,01-10-2021,110.93850
1155,30-09-2021,110.16720
1156,29-09-2021,109.48820
1157,28-09-2021,109.44540
1158,27-09-2021,109.31300
1159,24-09-2021,109.54360
1160,23-09-2021,110.20110
1161,22-09-2021,109.01440
1162,21-09-2021,107.98110
1163,20-09-2021,107.53320
1164,17-09-2021,109.08420
1165,16-09-2021,110.18800
1166,15-09-2021,110.32950
1167,14-09-2021,109.56390
1168,13-09-2021,108.35570
1169,09-09-2021,108.12890
1170,08-09-2021,107.14160
1171,07-09-2021,106.92630
1172,06-09-2021,107.11490
1173,03-09-2021,106.51710
1174,02-09-2021,106.49160
1175,01-09-2021,105.66160
1176,31-08-2021,105.62140
1177,30-08-2021,104.64800
1178,27-08-2021,102.81370
1179,26-08-2021,102.16200
1180,25-08-2021,101.53200
1181,24-08-2021,101.07150
1182,23-08-2021,100.06500
1183,20-08-2021,101.31540
1184,18-08-2021,102.77920
1185,17-08-2021,102.99480
1186,16-08-2021,102.68180
1187,13-08-2021,103.11560
1188,12-08-2021,102.83510
1189,11-08-2021,101.57780
1190,10-08-2021,102.73900
1191,09-08-2021,104.26970
1192,06-08-2021,104.80690
1193,05-08-2021,104.99800
1194,04-08-2021,105.45790
1195,03-08-2021,106.39290
1196,02-08-2021,106.10170
1197,30-07-2021,105.37140
1198,29-07-2021,104.89030
1199,28-07-2021,103.61700
1200,27-07-2021,103.89140
1201,26-07-2021,104.40830
1202,23-07-2021,104.39720
1203,22-07-2021,104.15310
1204,20-07-2021,103.36030
1205,19-07-2021,104.80460
1206,16-07-2021,104.99140
1207,15-07-2021,105.06950
1208,14-07-2021,105.25640
1209,13-07-2021,104.67460
1210,12-07-2021,104.10410
1211,09-07-2021,103.16640
1212,08-07-2021,103.09630
1213,07-07-2021,103.59810
1214,06-07-2021,102.89880
1215,05-07-2021,102.47920
1216,02-07-2021,101.80670
1217,01-07-2021,101.14200
1218,30-06-2021,100.97560
1219,29-06-2021,100.50420
1220,28-06-2021,100.78620
1221,25-06-2021,100.11550
1222,24-06-2021,99.77290
1223,23-06-2021,99.71000
1224,22-06-2021,99.36600
1225,21-06-2021,98.81950
1226,18-06-2021,98.43440
1227,17-06-2021,98.60260
1228,16-06-2021,99.13380
1229,15-06-2021,99.60140
1230,14-06-2021,99.23390
1231,11-06-2021,99.83450
1232,10-06-2021,99.96540
1233,09-06-2021,99.00360
1234,08-06-2021,100.11220
1235,07-06-2021,99.94910
1236,04-06-2021,98.85390
1237,03-06-2021,98.12500
1238,02-06-2021,98.07960
1239,01-06-2021,97.20440
1240,31-05-2021,97.38000
1241,28-05-2021,97.24830
1242,27-05-2021,97.90630
1243,26-05-2021,97.34370
1244,25-05-2021,96.89920
1245,24-05-2021,96.03050
1246,21-05-2021,95.39140
1247,20-05-2021,95.03160
1248,19-05-2021,94.75580
1249,18-05-2021,93.92250
1250,17-05-2021,92.95850
1251,14-05-2021,92.27650
1252,12-05-2021,92.91240
1253,11-05-2021,93.57370
1254,10-05-2021,92.84600
1255,07-05-2021,92.21350
1256,06-05-2021,92.11860
1257,05-05-2021,92.05770
1258,04-05-2021,91.36260
1259,03-05-2021,91.38280
1260,30-04-2021,90.47520
1261,29-04-2021,90.61730
1262,28-04-2021,90.33200
1263,27-04-2021,89.57120
1264,26-04-2021,88.55580
1265,23-04-2021,87.91490
1266,22-04-2021,87.76700
1267,20-04-2021,87.19480
1268,19-04-2021,86.77830
1269,16-04-2021,87.38880
1270,15-04-2021,87.12590
1271,13-04-2021,86.95160
1272,12-04-2021,86.27200
1273,09-04-2021,90.00910
1274,08-04-2021,89.99640
1275,07-04-2021,88.90630
1276,06-04-2021,88.34190
1277,05-04-2021,87.59760
1278,01-04-2021,88.49030
1279,31-03-2021,87.47370
1280,30-03-2021,86.69770
1281,26-03-2021,85.50870
1282,25-03-2021,84.66980
1283,24-03-2021,86.17170
1284,23-03-2021,87.52120
1285,22-03-2021,86.41560
1286,19-03-2021,85.74980
1287,18-03-2021,86.04650
1288,17-03-2021,87.27320
1289,16-03-2021,88.56820
1290,15-03-2021,88.59630
1291,12-03-2021,88.93150
1292,10-03-2021,88.69660
1293,09-03-2021,88.31610
1294,08-03-2021,88.58760
1295,05-03-2021,88.22520
1296,04-03-2021,88.96230
1297,03-03-2021,88.49230
1298,02-03-2021,87.76620
1299,01-03-2021,86.89470
1300,26-02-2021,85.78780
1301,25-02-2021,86.35880
1302,24-02-2021,84.79360
1303,23-02-2021,84.01350
1304,22-02-2021,83.66080
1305,19-02-2021,84.92730
1306,18-02-2021,85.53170
1307,17-02-2021,84.81930
1308,16-02-2021,84.58710
1309,15-02-2021,85.02760
1310,12-02-2021,84.58640
1311,11-02-2021,84.16940
1312,10-02-2021,83.38640
1313,09-02-2021,83.13030
1314,08-02-2021,83.49240
1315,05-02-2021,82.61530
1316,04-02-2021,82.44530
1317,03-02-2021,81.65380
1318,02-02-2021,80.62250
1319,01-02-2021,79.43440
1320,29-01-2021,77.85370
1321,28-01-2021,77.70090
1322,27-01-2021,78.24940
1323,25-01-2021,78.98670
1324,22-01-2021,79.60840
1325,21-01-2021,80.50940
1326,20-01-2021,80.62590
1327,19-01-2021,80.61730
1328,18-01-2021,79.44010
1329,15-01-2021,80.53020
1330,14-01-2021,81.09440
1331,13-01-2021,81.60650
1332,12-01-2021,81.98530
1333,11-01-2021,82.09490
1334,08-01-2021,82.40470
1335,07-01-2021,81.86890
1336,06-01-2021,80.87950
1337,05-01-2021,80.68970
1338,04-01-2021,79.91780
1339,01-01-2021,78.96100
1340,31-12-2020,78.13960
1341,30-12-2020,78.16080
1342,29-12-2020,77.93780
1343,28-12-2020,77.20100
1344,24-12-2020,76.26520
1345,23-12-2020,75.99500
1346,22-12-2020,74.44380
1347,21-12-2020,74.34310
1348,18-12-2020,76.63510
1349,17-12-2020,76.94640
1350,16-12-2020,77.13520
1351,15-12-2020,76.85270
1352,14-12-2020,76.73020
1353,11-12-2020,76.18970
1354,10-12-2020,76.02580
1355,09-12-2020,76.36330
1356,08-12-2020,76.03470
1357,07-12-2020,76.27570
1358,04-12-2020,75.25310
1359,03-12-2020,74.51880
1360,02-12-2020,74.09610
1361,01-12-2020,73.91510
1362,27-11-2020,73.11050
1363,26-11-2020,71.43940
1364,25-11-2020,71.28590
1365,24-11-2020,72.03940
1366,23-11-2020,71.31080
1367,20-11-2020,70.68970
1368,19-11-2020,70.32570
1369,18-11-2020,70.07870
1370,17-11-2020,69.25850
1371,13-11-2020,67.89750
1372,12-11-2020,67.08740
1373,11-11-2020,66.66850
1374,10-11-2020,66.49610
1375,09-11-2020,66.57070
1376,06-11-2020,65.76100
1377,05-11-2020,65.36320
1378,04-11-2020,64.67030
1379,03-11-2020,64.27570
1380,02-11-2020,63.95820
1381,30-10-2020,64.04220
1382,29-10-2020,63.87380
1383,28-10-2020,64.12640
1384,27-10-2020,64.29050
1385,26-10-2020,64.14670
1386,23-10-2020,64.41670
1387,22-10-2020,63.92640
1388,21-10-2020,63.76260
1389,20-10-2020,63.71480
1390,19-10-2020,63.79330
1391,16-10-2020,63.28830
1392,15-10-2020,62.55860
1393,14-10-2020,63.46370
1394,13-10-2020,62.86580
1395,12-10-2020,62.75970
1396,09-10-2020,63.29060
1397,08-10-2020,63.48170
1398,07-10-2020,64.10250
1399,06-10-2020,64.26170
1400,05-10-2020,64.35350
1401,01-10-2020,64.10930
1402,30-09-2020,63.80230
1403,29-09-2020,63.63050
1404,28-09-2020,63.56630
1405,25-09-2020,62.48450
1406,24-09-2020,61.64670
1407,23-09-2020,62.70630
1408,22-09-2020,62.81530
1409,21-09-2020,63.95850
1410,18-09-2020,65.71470
1411,17-09-2020,66.27420
1412,16-09-2020,66.70090
1413,15-09-2020,66.51880
1414,14-09-2020,65.83310
1415,11-09-2020,62.93640
1416,10-09-2020,62.98380
1417,09-09-2020,61.99760
1418,08-09-2020,62.69250
1419,07-09-2020,63.14550
1420,04-09-2020,63.04490
1421,03-09-2020,63.62770
1422,02-09-2020,63.54330
1423,01-09-2020,62.32650
1424,31-08-2020,62.35880
1425,28-08-2020,65.03450
1426,27-08-2020,65.03040
1427,26-08-2020,64.64390
1428,25-08-2020,64.20120
1429,24-08-2020,64.21660
1430,21-08-2020,63.20560
1431,20-08-2020,62.30870
1432,19-08-2020,61.77670
1433,18-08-2020,61.56860
1434,17-08-2020,61.00840
1435,14-08-2020,60.85190
1436,13-08-2020,60.70920
1437,12-08-2020,59.28590
1438,11-08-2020,58.99220
1439,10-08-2020,58.72160
1440,07-08-2020,57.97240
1441,06-08-2020,57.69790
1442,05-08-2020,57.00650
1443,04-08-2020,56.55650
1444,03-08-2020,56.01470
1445,31-07-2020,55.30080
1446,30-07-2020,55.01940
1447,29-07-2020,55.12990
1448,28-07-2020,55.23620
1449,27-07-2020,55.50970
1450,24-07-2020,56.10870
1451,23-07-2020,55.99010
1452,22-07-2020,55.56520
1453,21-07-2020,55.42380
1454,20-07-2020,54.90450
1455,17-07-2020,54.54600
1456,16-07-2020,54.26330
1457,15-07-2020,54.45790
1458,14-07-2020,54.25740
1459,13-07-2020,54.53980
1460,10-07-2020,54.93760
1461,09-07-2020,54.99560
1462,08-07-2020,54.50730
1463,07-07-2020,54.93200
1464,06-07-2020,54.79150
1465,03-07-2020,53.93670
1466,02-07-2020,53.46330
1467,01-07-2020,53.05260
1468,30-06-2020,52.82190
1469,29-06-2020,52.94460
1470,26-06-2020,53.45770
1471,25-06-2020,53.19150
1472,24-06-2020,53.24950
1473,23-06-2020,53.61290
1474,22-06-2020,53.26470
1475,19-06-2020,52.35010
1476,18-06-2020,51.56850
1477,17-06-2020,50.97340
1478,16-06-2020,50.76750
1479,15-06-2020,51.00410
1480,12-06-2020,50.86480
1481,11-06-2020,50.64260
1482,10-06-2020,51.41190
1483,09-06-2020,51.17140
1484,08-06-2020,51.74510
1485,05-06-2020,51.30080
1486,04-06-2020,50.79800
1487,03-06-2020,50.97220
1488,02-06-2020,50.23200
1489,01-06-2020,49.36350
1490,29-05-2020,47.87480
1491,28-05-2020,47.14340
1492,27-05-2020,46.53540
1493,26-05-2020,46.41930
1494,22-05-2020,46.21320
1495,21-05-2020,46.59470
1496,20-05-2020,46.25630
1497,19-05-2020,45.72500
1498,18-05-2020,45.87810
1499,15-05-2020,46.93310
1500,14-05-2020,46.83280
1501,13-05-2020,47.53490
1502,12-05-2020,46.64270
1503,11-05-2020,46.93450
1504,08-05-2020,47.01970
1505,07-05-2020,47.40150
1506,06-05-2020,47.55080
1507,05-05-2020,47.51520
1508,04-05-2020,48.00180
1509,30-04-2020,49.40210
1510,29-04-2020,48.91500
1511,28-04-2020,48.42860
1512,27-04-2020,48.08460
1513,24-04-2020,47.87990
1514,23-04-2020,48.64640
1515,22-04-2020,48.30700
1516,21-04-2020,47.78740
1517,20-04-2020,48.89510
1518,17-04-2020,47.94620
1519,16-04-2020,47.00440
1520,15-04-2020,46.66210
1521,13-04-2020,46.37370
1522,09-04-2020,46.78910
1523,08-04-2020,45.76780
1524,07-04-2020,45.12100
1525,03-04-2020,43.69810
1526,01-04-2020,43.77730
1527,31-03-2020,44.29980
1528,30-03-2020,43.16130
1529,27-03-2020,44.25520
1530,26-03-2020,43.70480
1531,25-03-2020,42.29050
1532,24-03-2020,41.26000
1533,23-03-2020,41.31100
1534,20-03-2020,45.74680
1535,19-03-2020,45.26420
1536,18-03-2020,47.07830
1537,17-03-2020,49.93710
1538,16-03-2020,50.89990
1539,13-03-2020,53.15760
1540,12-03-2020,53.16170
1541,11-03-2020,56.66720
1542,09-03-2020,56.77010
1543,06-03-2020,58.52360
1544,05-03-2020,59.27270
1545,04-03-2020,58.83080
1546,03-03-2020,59.70230
1547,02-03-2020,59.43570
1548,28-02-2020,59.45000
1549,27-02-2020,61.08990
1550,26-02-2020,61.16490
1551,25-02-2020,61.60150
1552,24-02-2020,61.79420
1553,20-02-2020,62.37270
1554,19-02-2020,62.26000
1555,18-02-2020,61.55950
1556,17-02-2020,62.04690
1557,14-02-2020,62.24190
1558,13-02-2020,62.21810
1559,12-02-2020,62.20580
1560,11-02-2020,62.19210
1561,10-02-2020,61.90860
1562,07-02-2020,62.31670
1563,06-02-2020,62.08900
1564,05-02-2020,62.06060
1565,04-02-2020,61.78830
1566,03-02-2020,60.88720
1567,31-01-2020,61.75430
1568,30-01-2020,61.81340
1569,29-01-2020,62.13240
1570,28-01-2020,62.08860
1571,27-01-2020,61.96560
1572,24-01-2020,61.83930
1573,23-01-2020,61.14880
1574,22-01-2020,60.84690
1575,21-01-2020,60.72750
1576,20-01-2020,60.97090
1577,17-01-2020,60.89520
1578,16-01-2020,60.21890
1579,15-01-2020,59.67950
1580,14-01-2020,59.28950
1581,13-01-2020,59.17260
1582,10-01-2020,58.90760
1583,09-01-2020,58.64070
1584,08-01-2020,57.98680
1585,07-01-2020,58.21070
1586,06-01-2020,57.73290
1587,03-01-2020,58.68720
1588,02-01-2020,58.39880
1589,01-01-2020,57.88600
1590,31-12-2019,57.80930
1591,30-12-2019,57.79810
1592,27-12-2019,57.76820
1593,26-12-2019,57.48460
1594,24-12-2019,57.41960
1595,23-12-2019,57.57560
1596,20-12-2019,57.66490
1597,19-12-2019,57.30510
1598,18-12-2019,57.12740
1599,17-12-2019,57.31550
1600,16-12-2019,56.99090
1601,13-12-2019,57.29570
1602,12-12-2019,56.71410
1603,11-12-2019,56.62080
1604,10-12-2019,56.81760
1605,09-12-2019,57.30440
1606,06-12-2019,57.63230
1607,05-12-2019,58.24590
1608,04-12-2019,58.33970
1609,03-12-2019,57.95420
1610,02-12-2019,58.05330
1611,29-11-2019,57.98390
1612,28-11-2019,57.74410
1613,27-11-2019,57.82500
1614,26-11-2019,57.92580
1615,25-11-2019,58.23730
1616,22-11-2019,58.05550
1617,21-11-2019,58.02320
1618,20-11-2019,57.83570
1619,19-11-2019,57.82660
1620,18-11-2019,57.78940
1621,15-11-2019,57.71000
1622,14-11-2019,57.82730
1623,13-11-2019,57.90230
1624,11-11-2019,57.69200
1625,08-11-2019,57.45370
1626,07-11-2019,57.90740
1627,06-11-2019,57.75360
1628,05-11-2019,58.07080
1629,04-11-2019,58.51570
1630,01-11-2019,57.98090
1631,31-10-2019,57.66150
1632,30-10-2019,57.18310
1633,29-10-2019,57.07850
1634,25-10-2019,56.37680
1635,24-10-2019,56.48780
1636,23-10-2019,56.39400
1637,22-10-2019,56.33940
1638,18-10-2019,56.35960
1639,17-10-2019,55.26610
1640,16-10-2019,54.92990
1641,15-10-2019,55.05040
1642,14-10-2019,54.96580
1643,11-10-2019,54.82220
1644,10-10-2019,54.76650
1645,09-10-2019,55.05660
1646,07-10-2019,54.80530
1647,04-10-2019,54.94640
1648,03-10-2019,55.39900
1649,01-10-2019,55.65560
1650,30-09-2019,56.14700
1651,27-09-2019,56.38430
1652,26-09-2019,56.38590
1653,25-09-2019,55.94130
1654,24-09-2019,56.44980
1655,23-09-2019,56.35020
1656,20-09-2019,54.44700
1657,19-09-2019,52.78450
1658,18-09-2019,53.13340
1659,17-09-2019,53.18530
1660,16-09-2019,53.81400
1661,13-09-2019,53.60120
1662,12-09-2019,53.64760
1663,11-09-2019,53.74780
1664,09-09-2019,52.93660
1665,06-09-2019,52.64550
1666,05-09-2019,52.27830
1667,04-09-2019,52.12160
1668,03-09-2019,51.97420
1669,30-08-2019,52.37520
1670,29-08-2019,52.09870
1671,28-08-2019,52.49380
1672,27-08-2019,52.57310
1673,26-08-2019,52.03410
1674,23-08-2019,51.30910
1675,22-08-2019,51.03800
1676,21-08-2019,51.52200
1677,20-08-2019,51.92470
1678,19-08-2019,51.99830
1679,16-08-2019,52.02110
1680,14-08-2019,51.72990
1681,13-08-2019,51.09790
1682,09-08-2019,51.61770
1683,08-08-2019,51.25950
1684,07-08-2019,51.16810
1685,06-08-2019,51.03190
1686,05-08-2019,50.58610
1687,02-08-2019,51.03490
1688,01-08-2019,51.30820
1689,31-07-2019,51.90170
1690,30-07-2019,51.46600
1691,29-07-2019,52.16160
1692,26-07-2019,52.56860
1693,25-07-2019,52.52070
1694,24-07-2019,52.73740
1695,23-07-2019,53.15500
1696,22-07-2019,53.02400
1697,19-07-2019,53.40290
1698,18-07-2019,54.01470
1699,17-07-2019,54.31900
1700,16-07-2019,54.08560
1701,15-07-2019,54.14610
1702,12-07-2019,54.27850
1703,11-07-2019,54.09840
1704,10-07-2019,53.84430
1705,09-07-2019,54.08360
1706,08-07-2019,54.16440
1707,05-07-2019,54.85610
1708,04-07-2019,55.46990
1709,03-07-2019,55.37380
1710,02-07-2019,55.45600
1711,01-07-2019,55.30310
1712,28-06-2019,55.22400
1713,27-06-2019,55.09700
1714,26-06-2019,54.96570
1715,25-06-2019,54.49570
1716,24-06-2019,54.18940
1717,21-06-2019,54.48260
1718,20-06-2019,54.45070
1719,19-06-2019,54.09460
1720,18-06-2019,54.35880
1721,17-06-2019,54.65100
1722,14-06-2019,55.22650
1723,13-06-2019,55.35830
1724,12-06-2019,55.66630
1725,11-06-2019,55.67700
1726,10-06-2019,55.74310
1727,07-06-2019,56.09400
1728,06-06-2019,56.12530
1729,04-06-2019,56.70670
1730,03-06-2019,56.74170
1731,31-05-2019,56.48040
1732,30-05-2019,56.18820
1733,29-05-2019,56.35730
1734,28-05-2019,56.54150
1735,27-05-2019,55.90360
1736,24-05-2019,54.99480
1737,23-05-2019,53.98730
1738,22-05-2019,54.09580
1739,21-05-2019,54.08380
1740,20-05-2019,54.48670
1741,17-05-2019,53.07300
1742,16-05-2019,52.93380
1743,15-05-2019,53.03030
1744,14-05-2019,53.10040
1745,13-05-2019,52.83890
1746,10-05-2019,53.70600
1747,09-05-2019,53.70840
1748,08-05-2019,53.85830
1749,07-05-2019,54.34240
1750,06-05-2019,54.49760
1751,03-05-2019,54.89700
1752,02-05-2019,55.00240
1753,30-04-2019,55.08300
1754,26-04-2019,55.31870
1755,25-04-2019,55.35920
1756,24-04-2019,55.27230
1757,23-04-2019,55.05550
1758,22-04-2019,54.94580
1759,18-04-2019,55.72320
1760,16-04-2019,56.12670
1761,15-04-2019,56.15360
1762,12-04-2019,55.92260
1763,11-04-2019,55.79870
1764,10-04-2019,55.63880
1765,09-04-2019,55.66120
1766,08-04-2019,55.88280
1767,05-04-2019,56.01910
1768,04-04-2019,55.64470
1769,03-04-2019,55.66010
1770,02-04-2019,56.00110
1771,01-04-2019,56.17720
1772,29-03-2019,55.66300
1773,28-03-2019,54.75810
1774,27-03-2019,54.46000
1775,26-03-2019,54.40650
1776,25-03-2019,54.02560
1777,22-03-2019,54.64980
1778,20-03-2019,54.76370
1779,19-03-2019,55.12380
1780,18-03-2019,54.83560
1781,15-03-2019,54.83230
1782,14-03-2019,55.01810
1783,13-03-2019,55.19590
1784,12-03-2019,55.27730
1785,11-03-2019,54.74060
1786,08-03-2019,53.94010
1787,07-03-2019,53.70520
1788,06-03-2019,53.24360
1789,05-03-2019,52.70070
1790,01-03-2019,51.44180
1791,28-02-2019,50.77170
1792,27-02-2019,50.66950
1793,26-02-2019,50.93920
1794,25-02-2019,51.15440
1795,22-02-2019,51.11640
1796,21-02-2019,50.88630
1797,20-02-2019,50.51340
1798,19-02-2019,50.19320
1799,18-02-2019,49.72310
1800,15-02-2019,49.83630
1801,14-02-2019,50.02460
1802,13-02-2019,49.91590
1803,12-02-2019,49.98650
1804,11-02-2019,50.14170
1805,08-02-2019,50.55320
1806,07-02-2019,50.89240
1807,06-02-2019,50.53950
1808,05-02-2019,50.71510
1809,04-02-2019,51.03580
1810,01-02-2019,51.29720
1811,31-01-2019,51.35070
1812,30-01-2019,51.00550
1813,29-01-2019,51.05470
1814,28-01-2019,51.08620
1815,25-01-2019,51.80020
1816,24-01-2019,52.29050
1817,23-01-2019,52.27130
1818,22-01-2019,52.53510
1819,21-01-2019,52.85800
1820,18-01-2019,53.07100
1821,17-01-2019,53.16740
1822,16-01-2019,53.20550
1823,15-01-2019,53.27560
1824,14-01-2019,53.15470
1825,11-01-2019,53.18620
1826,10-01-2019,53.24230
1827,09-01-2019,53.29980
1828,08-01-2019,53.25160
1829,07-01-2019,53.41870
1830,04-01-2019,53.32890
1831,03-01-2019,53.50670
1832,02-01-2019,53.71480
1833,01-01-2019,53.81800
1834,31-12-2018,53.82650
1835,28-12-2018,53.51780
1836,27-12-2018,53.03650
1837,26-12-2018,52.81700
1838,24-12-2018,52.80450
1839,21-12-2018,53.50260
1840,20-12-2018,54.15910
1841,19-12-2018,54.05890
1842,18-12-2018,53.49370
1843,17-12-2018,53.29490
1844,14-12-2018,53.08980
1845,13-12-2018,53.04740
1846,12-12-2018,52.67220
1847,11-12-2018,51.69330
1848,10-12-2018,51.30100
1849,07-12-2018,52.00780
1850,06-12-2018,51.90510
1851,05-12-2018,52.52670
1852,04-12-2018,52.94580
1853,03-12-2018,52.77470
1854,30-11-2018,52.74220
1855,29-11-2018,52.49690
1856,28-11-2018,52.44480
1857,27-11-2018,52.37870
1858,26-11-2018,52.36920
1859,22-11-2018,52.58670
1860,21-11-2018,52.68050
1861,20-11-2018,52.71180
1862,19-11-2018,53.02900
1863,16-11-2018,52.56470
1864,15-11-2018,52.64060
1865,14-11-2018,52.84700
1866,13-11-2018,52.60140
1867,12-11-2018,52.66270
1868,09-11-2018,53.03440
1869,06-11-2018,52.37470
1870,05-11-2018,52.43270
1871,02-11-2018,52.56680
1872,01-11-2018,52.05870
1873,31-10-2018,51.88510
1874,30-10-2018,51.44750
1875,29-10-2018,50.92970
1876,26-10-2018,50.33250
1877,25-10-2018,50.25100
1878,24-10-2018,50.39520
1879,23-10-2018,50.16670
1880,22-10-2018,50.77720
1881,19-10-2018,51.42500
1882,17-10-2018,51.98010
1883,16-10-2018,52.71740
1884,15-10-2018,52.16970
1885,12-10-2018,51.79440
1886,11-10-2018,51.00280
1887,10-10-2018,51.69010
1888,09-10-2018,49.99840
1889,08-10-2018,50.31910
1890,05-10-2018,51.09670
1891,04-10-2018,51.95750
1892,03-10-2018,52.91920
1893,01-10-2018,52.88300
1894,28-09-2018,53.31710
1895,27-09-2018,54.44660
1896,26-09-2018,55.12020
1897,25-09-2018,54.82740
1898,24-09-2018,55.28210
1899,21-09-2018,56.44670
1900,19-09-2018,57.58210
1901,18-09-2018,58.00360
1902,17-09-2018,58.55040
1903,14-09-2018,58.79830
1904,12-09-2018,58.20590
1905,11-09-2018,58.31700
1906,10-09-2018,58.94300
1907,07-09-2018,59.38140
1908,06-09-2018,59.23830
1909,05-09-2018,58.69490
1910,04-09-2018,58.88900
1911,03-09-2018,59.89740
1912,31-08-2018,60.12870
1913,30-08-2018,59.57190
1914,29-08-2018,59.49070
1915,28-08-2018,59.55450
1916,27-08-2018,59.34420
1917,24-08-2018,58.86170
1918,23-08-2018,59.03100
1919,21-08-2018,58.88570
1920,20-08-2018,58.75970
1921,17-08-2018,58.75550
1922,16-08-2018,58.38800
1923,14-08-2018,58.07810
1924,13-08-2018,58.24510
1925,10-08-2018,58.65510
1926,09-08-2018,58.75430
1927,08-08-2018,59.00290
1928,07-08-2018,58.98340
1929,06-08-2018,58.79140
1930,03-08-2018,57.75940
1931,02-08-2018,57.21620
1932,01-08-2018,57.02160
1933,31-07-2018,56.61810
1934,30-07-2018,56.27370
1935,27-07-2018,55.85320
1936,26-07-2018,54.61710
1937,25-07-2018,54.39810
1938,24-07-2018,54.29350
1939,23-07-2018,53.49570
1940,20-07-2018,53.12790
1941,19-07-2018,53.06480
1942,18-07-2018,53.35840
1943,17-07-2018,53.92080
1944,16-07-2018,53.81820
1945,13-07-2018,54.73510
1946,12-07-2018,54.92570
1947,11-07-2018,55.01340
1948,10-07-2018,54.97680
1949,09-07-2018,54.86680
1950,06-07-2018,54.19960
1951,05-07-2018,53.97470
1952,04-07-2018,54.16200
1953,03-07-2018,53.97300
1954,02-07-2018,53.90290
1955,29-06-2018,54.06380
1956,28-06-2018,53.23720
1957,27-06-2018,53.70150
1958,26-06-2018,54.63160
1959,25-06-2018,55.00550
1960,22-06-2018,55.55480
1961,21-06-2018,55.58140
1962,20-06-2018,55.96440
1963,19-06-2018,56.05860
1964,18-06-2018,56.86800
1965,15-06-2018,57.06720
1966,14-06-2018,57.43870
1967,13-06-2018,57.25220
1968,12-06-2018,57.44040
1969,11-06-2018,57.39460
1970,08-06-2018,57.04480
1971,07-06-2018,57.00310
1972,06-06-2018,55.91000
1973,05-06-2018,55.14420
1974,04-06-2018,56.50650
1975,01-06-2018,57.87650
1976,31-05-2018,58.99500
1977,30-05-2018,59.63590
1978,29-05-2018,59.49560
1979,28-05-2018,59.79380
1980,25-05-2018,59.25500
1981,24-05-2018,59.29310
1982,23-05-2018,59.33980
1983,22-05-2018,59.79250
1984,21-05-2018,59.73260
1985,18-05-2018,60.83120
1986,17-05-2018,61.07490
1987,16-05-2018,60.67820
1988,15-05-2018,61.13010
1989,14-05-2018,61.13960
1990,11-05-2018,62.02210
1991,10-05-2018,62.18000
1992,09-05-2018,62.72550
1993,08-05-2018,62.34050
1994,07-05-2018,62.36200
1995,04-05-2018,61.55480
1996,03-05-2018,61.95660
1997,02-05-2018,62.41990
1998,30-04-2018,62.93230
1999,27-04-2018,63.09540
2000,26-04-2018,63.26410
2001,25-04-2018,62.51420
2002,24-04-2018,62.52410
2003,23-04-2018,62.33700
2004,20-04-2018,62.00670
2005,19-04-2018,62.03160
2006,18-04-2018,61.68120
2007,17-04-2018,61.82730
2008,16-04-2018,61.94470
2009,13-04-2018,61.58310
2010,12-04-2018,61.76480
2011,11-04-2018,61.61020
2012,10-04-2018,61.77810
2013,09-04-2018,61.55900
2014,06-04-2018,61.09850
2015,05-04-2018,60.59340
2016,04-04-2018,59.80790
2017,03-04-2018,60.36630
2018,02-04-2018,59.68970
2019,28-03-2018,58.09690
2020,27-03-2018,58.78480
2021,26-03-2018,58.34830
2022,23-03-2018,57.87920
2023,22-03-2018,58.38450
2024,21-03-2018,59.25810
2025,20-03-2018,59.09420
2026,19-03-2018,59.19310
2027,16-03-2018,60.17590
2028,15-03-2018,60.69640
2029,14-03-2018,60.38170
2030,13-03-2018,60.58530
2031,12-03-2018,59.99230
2032,09-03-2018,59.64270
2033,08-03-2018,59.61070
2034,07-03-2018,59.79240
2035,06-03-2018,60.76480
2036,05-03-2018,61.41790
2037,01-03-2018,62.21160
2038,28-02-2018,62.27740
2039,27-02-2018,62.48060
2040,26-02-2018,62.79880
2041,23-02-2018,62.21100
2042,22-02-2018,61.72890
2043,21-02-2018,61.84160
2044,20-02-2018,61.85500
2045,19-02-2018,61.70370
2046,16-02-2018,62.67230
2047,15-02-2018,63.68260
2048,14-02-2018,64.57070
2049,12-02-2018,64.47380
2050,09-02-2018,63.93510
2051,08-02-2018,63.70760
2052,07-02-2018,62.36000
2053,06-02-2018,61.06870
2054,05-02-2018,62.53910
2055,02-02-2018,62.51290
2056,01-02-2018,64.66040
2057,31-01-2018,64.87200
2058,30-01-2018,65.21160
2059,29-01-2018,65.46360
2060,25-01-2018,65.97430
2061,24-01-2018,66.45190
2062,23-01-2018,67.23810
2063,22-01-2018,67.67750
2064,19-01-2018,67.02540
2065,18-01-2018,66.46890
2066,17-01-2018,67.80710
2067,16-01-2018,67.64380
2068,15-01-2018,69.03920
2069,12-01-2018,68.84660
2070,11-01-2018,68.79270
2071,10-01-2018,68.68730
2072,09-01-2018,68.69750
2073,08-01-2018,69.06610
2074,05-01-2018,68.86840
2075,04-01-2018,67.80230
2076,03-01-2018,67.06270
2077,02-01-2018,65.59150
2078,01-01-2018,66.19530
2079,29-12-2017,66.15650
2080,28-12-2017,66.31830
2081,27-12-2017,66.04560
2082,26-12-2017,66.09610
2083,22-12-2017,66.20800
2084,21-12-2017,66.46990
2085,20-12-2017,65.87820
2086,19-12-2017,65.22960
2087,18-12-2017,63.86940
2088,15-12-2017,63.32380
2089,14-12-2017,62.78410
2090,13-12-2017,62.80650
2091,12-12-2017,63.38790
2092,11-12-2017,63.63180
2093,08-12-2017,62.84360
2094,07-12-2017,61.99160
2095,06-12-2017,61.46330
2096,05-12-2017,61.51050
2097,04-12-2017,61.31770
2098,01-12-2017,61.49890
2099,30-11-2017,61.95290
2100,29-11-2017,61.93300
2101,28-11-2017,61.83210
2102,27-11-2017,61.27620
2103,24-11-2017,61.08750
2104,23-11-2017,60.54080
2105,22-11-2017,60.06910
2106,21-11-2017,59.66670
2107,20-11-2017,59.20670
2108,17-11-2017,58.64860
2109,16-11-2017,58.08290
2110,15-11-2017,57.26890
2111,14-11-2017,57.90630
2112,13-11-2017,57.81860
2113,10-11-2017,57.78980
2114,09-11-2017,58.08040
2115,08-11-2017,57.23730
2116,07-11-2017,57.57580
2117,06-11-2017,57.86980
2118,03-11-2017,57.57920
2119,02-11-2017,56.68750
2120,01-11-2017,55.87530
2121,31-10-2017,55.41710
2122,30-10-2017,55.09440
2123,27-10-2017,54.52320
2124,26-10-2017,54.12880
2125,25-10-2017,53.98480
2126,24-10-2017,54.51460
2127,23-10-2017,54.34240
2128,18-10-2017,54.42440
2129,17-10-2017,54.53880
2130,16-10-2017,54.21140
2131,13-10-2017,54.17170
2132,12-10-2017,53.99710
2133,11-10-2017,53.67800
2134,10-10-2017,54.35800
2135,09-10-2017,53.97160
2136,06-10-2017,53.81250
2137,05-10-2017,53.44760
2138,04-10-2017,53.23950
2139,03-10-2017,52.32130
2140,29-09-2017,51.96100
2141,28-09-2017,51.23620
2142,27-09-2017,50.83200
2143,26-09-2017,51.67840
2144,25-09-2017,51.05010
2145,22-09-2017,51.59950
2146,21-09-2017,53.30410
2147,20-09-2017,53.36020
2148,19-09-2017,52.96860
2149,18-09-2017,52.38040
2150,15-09-2017,51.75180
2151,14-09-2017,51.31820
2152,13-09-2017,50.69650
2153,12-09-2017,51.08520
2154,11-09-2017,50.76960
2155,08-09-2017,50.54810
2156,07-09-2017,50.47900
2157,06-09-2017,50.29490
2158,05-09-2017,50.08830
2159,04-09-2017,49.58880
2160,01-09-2017,49.64480
2161,31-08-2017,49.14820
2162,30-08-2017,48.48610
2163,29-08-2017,48.13840
2164,28-08-2017,48.53920
2165,24-08-2017,48.24800
2166,23-08-2017,48.19170
2167,22-08-2017,47.91540
2168,21-08-2017,47.71790
2169,18-08-2017,48.38330
2170,17-08-2017,48.70340
2171,16-08-2017,48.32250
2172,14-08-2017,47.73700
2173,11-08-2017,46.93310
2174,10-08-2017,46.60040
2175,09-08-2017,47.65330
2176,08-08-2017,48.14000
2177,07-08-2017,48.57160
2178,04-08-2017,48.15070
2179,03-08-2017,48.03550
2180,02-08-2017,48.43400
2181,01-08-2017,48.81850
2182,31-07-2017,48.65370
2183,28-07-2017,48.58110
2184,27-07-2017,48.15890
2185,26-07-2017,48.46630
2186,25-07-2017,48.26630
2187,24-07-2017,48.24890
2188,21-07-2017,48.26290
2189,20-07-2017,48.43080
2190,19-07-2017,48.23220
2191,18-07-2017,47.94290
2192,17-07-2017,47.97000
2193,14-07-2017,47.79040
2194,13-07-2017,48.24030
2195,12-07-2017,47.98100
2196,11-07-2017,47.89990
2197,10-07-2017,47.75710
2198,07-07-2017,47.66890
2199,06-07-2017,47.60480
2200,05-07-2017,47.60570
2201,04-07-2017,47.30410
2202,03-07-2017,47.08640
2203,30-06-2017,46.34840
2204,29-06-2017,46.17690
2205,28-06-2017,45.71990
2206,27-06-2017,46.09490
2207,23-06-2017,46.41260
2208,22-06-2017,46.95420
2209,21-06-2017,46.80160
2210,20-06-2017,46.62470
2211,19-06-2017,46.49240
2212,16-06-2017,46.27990
2213,15-06-2017,46.12150
2214,14-06-2017,45.78990
2215,13-06-2017,45.76000
2216,12-06-2017,45.64260
2217,09-06-2017,45.39980
2218,08-06-2017,45.36660
2219,07-06-2017,45.22290
2220,06-06-2017,44.89320
2221,05-06-2017,45.12000
2222,02-06-2017,44.86930
2223,01-06-2017,44.59200
2224,31-05-2017,44.56770
2225,30-05-2017,44.21410
2226,29-05-2017,44.42950
2227,26-05-2017,44.85990
2228,25-05-2017,44.22570
2229,24-05-2017,43.34840
2230,23-05-2017,44.02490
2231,22-05-2017,44.86600
2232,19-05-2017,45.24310
2233,18-05-2017,45.58920
2234,17-05-2017,45.80480
2235,16-05-2017,45.68600
2236,15-05-2017,45.60240
2237,12-05-2017,45.11860
2238,11-05-2017,45.57280
2239,10-05-2017,45.83310
2240,09-05-2017,45.46960
2241,08-05-2017,45.25130
2242,05-05-2017,44.95030
2243,04-05-2017,45.06970
2244,03-05-2017,44.87410
2245,02-05-2017,44.87760
2246,28-04-2017,44.99680
2247,27-04-2017,44.96400
2248,26-04-2017,44.69340
2249,25-04-2017,45.29740
2250,24-04-2017,45.27120
2251,21-04-2017,44.99580
2252,20-04-2017,45.00120
2253,19-04-2017,44.60320
2254,18-04-2017,44.56120
2255,17-04-2017,44.96190
2256,13-04-2017,44.78000
2257,12-04-2017,44.84620
2258,11-04-2017,45.01130
2259,10-04-2017,44.70750
2260,07-04-2017,44.34250
2261,06-04-2017,44.69780
2262,05-04-2017,44.59420
2263,03-04-2017,43.28630
2264,31-03-2017,42.78840
2265,30-03-2017,42.69100
2266,29-03-2017,42.35730
2267,28-03-2017,42.34970
2268,27-03-2017,42.26590
2269,24-03-2017,42.22840
2270,23-03-2017,42.17190
2271,22-03-2017,42.00260
2272,21-03-2017,42.14560
2273,20-03-2017,42.24000
2274,17-03-2017,41.97770
2275,16-03-2017,41.81890
2276,15-03-2017,41.30270
2277,14-03-2017,41.30400
2278,10-03-2017,40.98160
2279,09-03-2017,41.07320
2280,08-03-2017,41.00060
2281,07-03-2017,41.07030
2282,06-03-2017,40.96560
2283,03-03-2017,40.94170
2284,02-03-2017,40.77130
2285,01-03-2017,41.24220
2286,28-02-2017,40.90080
2287,27-02-2017,40.76850
2288,23-02-2017,41.03000
2289,22-02-2017,40.99460
2290,21-02-2017,41.22540
2291,20-02-2017,41.12510
2292,17-02-2017,40.83730
2293,16-02-2017,40.82380
2294,15-02-2017,40.36280
2295,14-02-2017,41.09170
2296,13-02-2017,41.26570
2297,10-02-2017,41.29940
2298,09-02-2017,40.99090
2299,08-02-2017,40.95860
2300,07-02-2017,40.92430
2301,06-02-2017,40.72070
2302,03-02-2017,40.32050
2303,02-02-2017,39.61380
2304,01-02-2017,39.53250
2305,31-01-2017,39.18620
2306,30-01-2017,39.31440
2307,27-01-2017,39.57650
2308,25-01-2017,39.31390
2309,24-01-2017,39.19810
2310,23-01-2017,38.76860
2311,20-01-2017,38.61060
2312,19-01-2017,38.97910
2313,18-01-2017,38.85080
2314,17-01-2017,38.55110
2315,16-01-2017,38.37450
2316,13-01-2017,38.18450
2317,12-01-2017,38.13370
2318,11-01-2017,38.25580
2319,10-01-2017,38.01790
2320,09-01-2017,37.84710
2321,06-01-2017,37.65880
2322,05-01-2017,37.60910
2323,04-01-2017,37.35590
2324,03-01-2017,37.28040
2325,02-01-2017,36.94500
2326,30-12-2016,36.66310
2327,29-12-2016,36.32820
2328,28-12-2016,36.09550
2329,27-12-2016,35.89870
2330,26-12-2016,35.60340
2331,23-12-2016,36.22550
2332,22-12-2016,36.15260
2333,21-12-2016,36.53840
2334,20-12-2016,36.54500
2335,19-12-2016,36.94500
2336,16-12-2016,37.12710
2337,15-12-2016,37.15060
2338,14-12-2016,37.29210
2339,13-12-2016,37.64780
2340,12-12-2016,37.47650
2341,09-12-2016,37.71440
2342,08-12-2016,37.68930
2343,07-12-2016,37.38370
2344,06-12-2016,37.47780
2345,05-12-2016,37.59930
2346,02-12-2016,37.62410
2347,01-12-2016,38.17150
2348,30-11-2016,38.21320
2349,29-11-2016,37.94660
2350,28-11-2016,37.78400
2351,25-11-2016,37.30750
2352,24-11-2016,36.82740
2353,23-11-2016,36.69640
2354,22-11-2016,36.34540
2355,21-11-2016,36.01610
2356,18-11-2016,37.44440
2357,17-11-2016,37.07900
2358,16-11-2016,37.26730
2359,15-11-2016,37.28160
2360,11-11-2016,39.22860
2361,10-11-2016,40.37200
2362,09-11-2016,39.71840
2363,08-11-2016,40.29730
2364,07-11-2016,40.31430
2365,04-11-2016,39.80440
2366,03-11-2016,40.58510
2367,02-11-2016,41.03400
2368,01-11-2016,41.65750
2369,28-10-2016,41.05640
2370,27-10-2016,40.58800
2371,26-10-2016,40.50440
2372,25-10-2016,40.67860
2373,24-10-2016,40.49930
2374,21-10-2016,40.09490
2375,20-10-2016,40.27850
2376,19-10-2016,40.22990
2377,18-10-2016,40.00620
2378,17-10-2016,39.67230
2379,14-10-2016,39.97260
2380,13-10-2016,39.70370
2381,10-10-2016,40.47110
2382,07-10-2016,40.22230
2383,06-10-2016,39.84510
2384,05-10-2016,39.99870
2385,04-10-2016,39.63240
2386,03-10-2016,39.42620
2387,30-09-2016,38.66340
2388,29-09-2016,37.64570
2389,28-09-2016,38.86450
2390,27-09-2016,38.65360
2391,26-09-2016,38.55120
2392,23-09-2016,38.63350
2393,22-09-2016,38.49940
2394,21-09-2016,37.88950
2395,20-09-2016,37.89950
2396,19-09-2016,37.73170
2397,16-09-2016,37.54740
2398,15-09-2016,37.56550
2399,14-09-2016,37.46950
2400,12-09-2016,37.13230
2401,09-09-2016,37.88890
2402,08-09-2016,38.00720
2403,07-09-2016,37.77650
2404,06-09-2016,37.97130
2405,02-09-2016,37.72610
2406,01-09-2016,37.54700
2407,31-08-2016,37.96730
2408,30-08-2016,37.82320
2409,29-08-2016,37.33380
2410,26-08-2016,37.14500
2411,25-08-2016,37.14650
2412,24-08-2016,37.06850
2413,23-08-2016,36.81340
2414,22-08-2016,36.75810
2415,19-08-2016,36.76100
2416,18-08-2016,36.69790
2417,17-08-2016,36.30470
2418,16-08-2016,35.99080
2419,12-08-2016,36.01470
2420,11-08-2016,35.92880
2421,10-08-2016,35.93900
2422,09-08-2016,36.30940
2423,08-08-2016,36.53980
2424,05-08-2016,36.46690
2425,04-08-2016,36.16890
2426,03-08-2016,35.96560
2427,02-08-2016,36.38760
2428,01-08-2016,36.50240
2429,29-07-2016,36.88360
2430,28-07-2016,36.72190
2431,27-07-2016,36.47120
2432,26-07-2016,36.73470
2433,25-07-2016,36.97690
2434,22-07-2016,36.64330
2435,21-07-2016,36.51930
2436,20-07-2016,36.50050
2437,19-07-2016,36.12720
2438,18-07-2016,36.30780
2439,15-07-2016,36.38210
2440,14-07-2016,36.36870
2441,13-07-2016,35.81120
2442,12-07-2016,35.76950
2443,11-07-2016,35.88590
2444,08-07-2016,35.74700
2445,07-07-2016,35.69730
2446,05-07-2016,35.55320
2447,04-07-2016,35.52480
2448,01-07-2016,35.39090
2449,30-06-2016,35.25510
2450,29-06-2016,35.10040
2451,28-06-2016,34.57030
2452,27-06-2016,34.23310
2453,24-06-2016,33.90070
2454,23-06-2016,34.20010
2455,22-06-2016,34.25840
2456,21-06-2016,34.23680
2457,20-06-2016,34.28230
2458,17-06-2016,34.40500
2459,16-06-2016,34.26000
2460,15-06-2016,34.38490
2461,14-06-2016,34.08450
2462,13-06-2016,34.12570
2463,10-06-2016,34.34500
2464,09-06-2016,34.24080
2465,08-06-2016,34.53340
2466,07-06-2016,34.45470
2467,06-06-2016,34.05590
2468,03-06-2016,33.86520
2469,02-06-2016,33.95350
2470,01-06-2016,33.79300
2471,31-05-2016,33.76830
2472,30-05-2016,33.84230
2473,27-05-2016,33.72370
2474,26-05-2016,33.55440
2475,25-05-2016,33.60570
2476,24-05-2016,33.41600
2477,23-05-2016,33.65830
2478,20-05-2016,33.61610
2479,19-05-2016,33.83550
2480,18-05-2016,34.31940
2481,17-05-2016,34.26820
2482,16-05-2016,34.21400
2483,13-05-2016,34.28190
2484,12-05-2016,34.33400
2485,11-05-2016,33.95020
2486,10-05-2016,33.86020
2487,09-05-2016,34.05720
2488,06-05-2016,33.87690
2489,05-05-2016,33.99390
2490,04-05-2016,33.72260
2491,03-05-2016,34.03060
2492,02-05-2016,34.04950
2493,29-04-2016,34.13480
2494,28-04-2016,34.10160
2495,27-04-2016,34.34370
2496,26-04-2016,34.14530
2497,25-04-2016,33.96290
2498,22-04-2016,34.00100
2499,21-04-2016,34.16770
2500,20-04-2016,34.27250
2501,18-04-2016,34.19220
2502,13-04-2016,33.76930
2503,12-04-2016,33.51200
2504,11-04-2016,33.38750
2505,08-04-2016,33.06500
2506,07-04-2016,33.01940
2507,06-04-2016,33.23170
2508,05-04-2016,32.92950
2509,04-04-2016,33.11200
2510,01-04-2016,32.60990
2511,31-03-2016,32.36140
2512,30-03-2016,32.31320
2513,29-03-2016,31.94450
2514,28-03-2016,31.87590
2515,23-03-2016,32.21920
2516,22-03-2016,31.86820
2517,21-03-2016,31.98990
2518,18-03-2016,31.55040
2519,17-03-2016,31.33090
2520,16-03-2016,31.24450
2521,15-03-2016,31.17580
2522,14-03-2016,31.33640
2523,11-03-2016,31.08850
2524,10-03-2016,31.07790
2525,09-03-2016,31.09970
2526,08-03-2016,31.05750
2527,04-03-2016,31.11400
2528,03-03-2016,31.10970
2529,02-03-2016,30.96070
2530,01-03-2016,30.52870
2531,29-02-2016,29.76350
2532,26-02-2016,29.94060
2533,25-02-2016,30.24000
2534,24-02-2016,30.26500
2535,23-02-2016,30.68360
2536,22-02-2016,31.01600
2537,19-02-2016,31.10020
2538,18-02-2016,31.07550
2539,17-02-2016,30.70270
2540,16-02-2016,30.42160
2541,15-02-2016,31.05170
2542,12-02-2016,30.17160
2543,11-02-2016,30.48320
2544,10-02-2016,31.64890
2545,09-02-2016,32.05790
2546,08-02-2016,32.14410
2547,05-02-2016,32.18700
2548,04-02-2016,32.01130
2549,03-02-2016,32.15050
2550,02-02-2016,32.57900
2551,01-02-2016,32.68270
2552,29-01-2016,32.50660
2553,28-01-2016,32.38490
2554,27-01-2016,32.37670
2555,25-01-2016,32.34290
2556,22-01-2016,32.17950
2557,21-01-2016,31.41280
2558,20-01-2016,31.36990
2559,19-01-2016,31.94170
2560,18-01-2016,31.67020
2561,15-01-2016,32.83790
2562,14-01-2016,33.63420
2563,13-01-2016,33.91980
2564,12-01-2016,34.51430
2565,11-01-2016,35.11810
2566,08-01-2016,35.15480
2567,07-01-2016,34.60330
2568,06-01-2016,35.57220
2569,05-01-2016,35.95440
2570,04-01-2016,35.74240
2571,01-01-2016,36.03910
2572,31-12-2015,35.71920
2573,30-12-2015,35.41890
2574,29-12-2015,35.12310
2575,28-12-2015,34.96750
2576,24-12-2015,34.69240
2577,23-12-2015,34.46280
2578,22-12-2015,34.21950
2579,21-12-2015,34.16700
2580,18-12-2015,33.93210
2581,17-12-2015,34.04630
2582,16-12-2015,33.39130
2583,15-12-2015,33.39620
2584,14-12-2015,33.09790
2585,11-12-2015,33.06820
2586,10-12-2015,33.24740
2587,09-12-2015,32.87100
2588,08-12-2015,33.29440
2589,07-12-2015,33.66030
2590,04-12-2015,33.69400
2591,03-12-2015,33.79750
2592,02-12-2015,33.83270
2593,01-12-2015,33.51860
2594,30-11-2015,33.51970
2595,27-11-2015,33.55680
2596,26-11-2015,33.42750
2597,24-11-2015,33.49780
2598,23-11-2015,33.63070
2599,20-11-2015,33.48420
2600,19-11-2015,33.26480
2601,18-11-2015,32.78620
2602,17-11-2015,33.14200
2603,16-11-2015,32.83990
2604,13-11-2015,32.89940
2605,10-11-2015,32.87830
2606,09-11-2015,33.08260
2607,06-11-2015,32.68370
2608,05-11-2015,32.93800
2609,04-11-2015,33.26050
2610,03-11-2015,33.32800
2611,02-11-2015,32.94900
2612,30-10-2015,33.18140
2613,29-10-2015,33.23730
2614,28-10-2015,33.33720
2615,27-10-2015,33.40530
2616,26-10-2015,33.26410
2617,23-10-2015,33.52740
2618,21-10-2015,33.62670
2619,20-10-2015,33.56050
2620,19-10-2015,33.31660
2621,16-10-2015,33.10720
2622,15-10-2015,33.07440
2623,14-10-2015,32.85100
2624,13-10-2015,32.83690
2625,12-10-2015,32.77410
2626,09-10-2015,32.85090
2627,08-10-2015,32.78700
2628,07-10-2015,32.64580
2629,06-10-2015,32.49710
2630,05-10-2015,32.48910
2631,01-10-2015,32.03030
2632,30-09-2015,31.94490
2633,29-09-2015,31.55250
2634,28-09-2015,31.61270
2635,24-09-2015,31.60040
2636,23-09-2015,31.69560
2637,22-09-2015,31.60140
2638,21-09-2015,31.87950
2639,18-09-2015,31.74350
2640,16-09-2015,31.41220
2641,15-09-2015,31.51740
2642,14-09-2015,31.63800
2643,11-09-2015,31.37470
2644,10-09-2015,31.24590
2645,09-09-2015,31.16850
2646,08-09-2015,30.80880
2647,07-09-2015,30.88240
2648,04-09-2015,31.27910
2649,03-09-2015,31.55720
2650,02-09-2015,31.35710
2651,01-09-2015,31.40280
2652,31-08-2015,31.97570
2653,28-08-2015,32.07680
2654,27-08-2015,32.19930
2655,26-08-2015,31.24560
2656,25-08-2015,31.18130
2657,24-08-2015,31.24260
2658,21-08-2015,33.13770
2659,20-08-2015,33.22210
2660,19-08-2015,33.85430
2661,18-08-2015,33.63830
2662,17-08-2015,33.32630
2663,14-08-2015,33.15470
2664,13-08-2015,32.69310
2665,12-08-2015,32.79840
2666,11-08-2015,33.32910
2667,10-08-2015,33.75750
2668,07-08-2015,33.73080
2669,06-08-2015,33.72450
2670,05-08-2015,34.11800
2671,04-08-2015,34.13170
2672,03-08-2015,33.88400
2673,31-07-2015,33.68610
2674,30-07-2015,33.20220
2675,29-07-2015,33.13650
2676,28-07-2015,33.03270
2677,27-07-2015,33.16250
2678,24-07-2015,33.19760
2679,23-07-2015,33.51740
2680,22-07-2015,33.19680
2681,21-07-2015,33.02640
2682,20-07-2015,33.52030
2683,17-07-2015,33.37240
2684,16-07-2015,33.35700
2685,15-07-2015,33.00810
2686,14-07-2015,32.77850
2687,13-07-2015,32.90100
2688,10-07-2015,32.84670
2689,09-07-2015,32.73450
2690,08-07-2015,32.70310
2691,07-07-2015,32.87750
2692,06-07-2015,32.45650
2693,03-07-2015,31.77340
2694,02-07-2015,31.55810
2695,01-07-2015,31.45030
2696,30-06-2015,31.14560
2697,29-06-2015,30.64790
2698,26-06-2015,31.02940
2699,25-06-2015,31.06070
2700,24-06-2015,30.99980
2701,23-06-2015,30.89370
2702,22-06-2015,30.74910
2703,19-06-2015,30.57010
2704,18-06-2015,30.46890
2705,17-06-2015,30.02020
2706,16-06-2015,29.49700
2707,15-06-2015,29.50410
2708,12-06-2015,29.27460
2709,11-06-2015,29.19220
2710,10-06-2015,29.62280
2711,09-06-2015,29.20030
2712,08-06-2015,29.39790
2713,05-06-2015,29.70330
2714,04-06-2015,29.44090
2715,03-06-2015,29.53730
2716,02-06-2015,29.88510
2717,01-06-2015,30.30290
2718,29-05-2015,30.52610
2719,28-05-2015,30.35660
2720,27-05-2015,30.34060
2721,26-05-2015,30.54930
2722,25-05-2015,30.68100
2723,22-05-2015,30.89540
2724,21-05-2015,30.87160
2725,20-05-2015,30.92950
2726,19-05-2015,31.00880
2727,18-05-2015,31.15860
2728,15-05-2015,31.09650
2729,14-05-2015,30.54630
2730,13-05-2015,30.45110
2731,12-05-2015,30.18220
2732,11-05-2015,30.64520
2733,08-05-2015,29.88400
2734,07-05-2015,29.44680
2735,06-05-2015,30.03120
2736,05-05-2015,30.69320
2737,04-05-2015,30.60680
2738,30-04-2015,30.15250
2739,29-04-2015,30.15210
2740,28-04-2015,29.75290
2741,27-04-2015,29.67400
2742,24-04-2015,30.24160
2743,23-04-2015,30.96620
2744,22-04-2015,31.04680
2745,21-04-2015,31.02670
2746,20-04-2015,31.07960
2747,17-04-2015,31.79800
2748,16-04-2015,31.91680
2749,15-04-2015,31.87260
2750,13-04-2015,31.73640
2751,10-04-2015,31.32920
2752,09-04-2015,31.24330
2753,08-04-2015,30.81060
2754,07-04-2015,30.29530
2755,06-04-2015,30.15840
2756,01-04-2015,29.79490
2757,31-03-2015,29.33470
2758,30-03-2015,29.26270
2759,27-03-2015,28.54730
2760,26-03-2015,28.42670
2761,25-03-2015,28.83660
2762,24-03-2015,28.82950
2763,23-03-2015,28.91100
2764,20-03-2015,29.39200
2765,19-03-2015,29.81920
2766,18-03-2015,30.01430
2767,17-03-2015,30.05790
2768,16-03-2015,30.17900
2769,13-03-2015,30.25990
2770,12-03-2015,30.68600
2771,11-03-2015,30.43750
2772,10-03-2015,30.37250
2773,09-03-2015,30.43170
2774,05-03-2015,30.64280
2775,04-03-2015,30.63490
2776,03-03-2015,30.80450
2777,02-03-2015,30.52160
2778,27-02-2015,30.22620
2779,26-02-2015,29.95070
2780,25-02-2015,30.10890
2781,24-02-2015,30.21750
2782,23-02-2015,30.32220
2783,20-02-2015,30.68690
2784,19-02-2015,30.61780
2785,18-02-2015,30.68680
2786,16-02-2015,30.53440
2787,13-02-2015,30.28440
2788,12-02-2015,30.26110
2789,11-02-2015,29.90830
2790,10-02-2015,29.57820
2791,09-02-2015,29.39700
2792,06-02-2015,29.73770
2793,05-02-2015,30.26140
2794,04-02-2015,30.67310
2795,03-02-2015,30.77450
2796,02-02-2015,30.61450
2797,30-01-2015,30.59360
2798,29-01-2015,30.74970
2799,28-01-2015,30.78980
2800,27-01-2015,30.57240
2801,23-01-2015,30.49270
2802,22-01-2015,30.71230
2803,21-01-2015,30.71400
2804,20-01-2015,30.81840
2805,19-01-2015,30.51720
2806,16-01-2015,29.72930
2807,15-01-2015,29.69910
2808,14-01-2015,29.50280
2809,13-01-2015,29.43880
2810,12-01-2015,29.47130
2811,09-01-2015,29.28340
2812,08-01-2015,29.23250
2813,07-01-2015,28.73450
2814,06-01-2015,28.56600
2815,05-01-2015,29.30310
2816,02-01-2015,29.42530
2817,01-01-2015,29.36710
2818,31-12-2014,29.20840
2819,30-12-2014,28.58760
2820,29-12-2014,28.11630
2821,26-12-2014,27.53860
2822,24-12-2014,27.46950
2823,23-12-2014,27.42620
2824,22-12-2014,27.43900
2825,19-12-2014,27.15560
2826,18-12-2014,27.08530
2827,17-12-2014,26.29360
2828,16-12-2014,26.79100
2829,15-12-2014,27.35270
2830,12-12-2014,27.44340
2831,11-12-2014,27.73900
2832,10-12-2014,27.29010
2833,09-12-2014,27.02660
2834,08-12-2014,27.51530
2835,05-12-2014,27.33590
2836,04-12-2014,27.34200
2837,03-12-2014,27.06970
2838,02-12-2014,26.59280
2839,01-12-2014,26.20930
2840,28-11-2014,26.24020
2841,27-11-2014,26.02160
2842,26-11-2014,25.66180
2843,25-11-2014,25.39110
2844,24-11-2014,25.89600
2845,21-11-2014,25.98910
2846,20-11-2014,25.89230
2847,19-11-2014,26.06410
2848,18-11-2014,26.00280
2849,17-11-2014,25.74000
2850,14-11-2014,25.46940
2851,13-11-2014,25.37320
2852,12-11-2014,25.22550
2853,11-11-2014,24.92000
2854,10-11-2014,24.70950
2855,07-11-2014,24.56700
2856,05-11-2014,24.65930
2857,03-11-2014,24.56470
2858,31-10-2014,24.30310
2859,30-10-2014,24.22670
2860,29-10-2014,24.20920
2861,28-10-2014,24.07750
2862,27-10-2014,23.91150
2863,22-10-2014,23.81850
2864,21-10-2014,23.54000
2865,20-10-2014,23.39130
2866,17-10-2014,23.35190
2867,16-10-2014,23.27630
2868,14-10-2014,23.71470
2869,13-10-2014,23.82320
2870,10-10-2014,23.74070
2871,09-10-2014,24.08140
2872,08-10-2014,24.06090
2873,07-10-2014,23.92340
2874,01-10-2014,24.15970
2875,30-09-2014,24.29820
2876,29-09-2014,23.99320
2877,26-09-2014,23.69120
2878,25-09-2014,23.61130
2879,24-09-2014,24.15310
2880,23-09-2014,24.52350
2881,22-09-2014,24.96880
2882,19-09-2014,24.65370
2883,18-09-2014,24.59740
2884,17-09-2014,24.20510
2885,16-09-2014,24.07160
2886,15-09-2014,24.74890
2887,12-09-2014,24.62480
2888,11-09-2014,24.41000
2889,10-09-2014,23.88620
2890,09-09-2014,23.68530
2891,08-09-2014,23.31000
2892,05-09-2014,22.96240
2893,04-09-2014,22.86610
2894,03-09-2014,22.84200
2895,02-09-2014,22.64760
2896,01-09-2014,22.52920
2897,28-08-2014,22.17090
2898,27-08-2014,22.07520
2899,26-08-2014,21.66810
2900,25-08-2014,21.72990
2901,22-08-2014,21.89800
2902,21-08-2014,21.81250
2903,20-08-2014,21.50990
2904,19-08-2014,21.19640
2905,18-08-2014,20.94370
2906,14-08-2014,20.62680
2907,13-08-2014,20.42270
2908,12-08-2014,20.95230
2909,11-08-2014,21.02940
2910,08-08-2014,20.90510
2911,07-08-2014,21.13660
2912,06-08-2014,21.20680
2913,05-08-2014,21.17920
2914,04-08-2014,21.14230
2915,01-08-2014,20.82740
2916,31-07-2014,21.06520
2917,30-07-2014,21.04910
2918,28-07-2014,21.12460
2919,25-07-2014,21.14890
2920,24-07-2014,21.32160
2921,23-07-2014,21.24000
2922,22-07-2014,21.36300
2923,21-07-2014,21.28000
2924,18-07-2014,20.83160
2925,17-07-2014,20.89950
2926,16-07-2014,20.42480
2927,15-07-2014,19.98540
2928,14-07-2014,19.77980
2929,11-07-2014,19.83920
2930,10-07-2014,20.18810
2931,09-07-2014,20.15670
2932,08-07-2014,20.45150
2933,07-07-2014,20.98740
2934,04-07-2014,20.78870
2935,03-07-2014,20.53900
2936,02-07-2014,20.39940
2937,01-07-2014,20.22370
2938,30-06-2014,20.07050
2939,27-06-2014,19.66900
2940,26-06-2014,19.51890
2941,25-06-2014,19.30560
2942,24-06-2014,19.19910
2943,23-06-2014,19.11470
2944,20-06-2014,19.17020
2945,19-06-2014,19.15410
2946,18-06-2014,19.21670
2947,17-06-2014,19.00150
2948,16-06-2014,18.71740
2949,13-06-2014,18.75450
2950,12-06-2014,18.92650
2951,11-06-2014,18.75360
2952,10-06-2014,18.96110
2953,09-06-2014,18.80950
2954,06-06-2014,18.53950
2955,05-06-2014,18.26380
2956,04-06-2014,18.04060
2957,03-06-2014,17.72810
2958,02-06-2014,17.72840
2959,30-05-2014,17.59990
2960,29-05-2014,17.64110
2961,28-05-2014,17.70140
2962,27-05-2014,17.42440
2963,26-05-2014,17.27220
2964,23-05-2014,17.57990
2965,22-05-2014,17.63360
2966,21-05-2014,17.36180
2967,20-05-2014,17.07560
2968,19-05-2014,16.63750
2969,16-05-2014,16.33540
2970,15-05-2014,16.27420
2971,14-05-2014,16.38680
2972,13-05-2014,16.31800
2973,12-05-2014,16.23600
2974,09-05-2014,16.26650
2975,08-05-2014,16.26010
2976,07-05-2014,16.20310
2977,06-05-2014,16.20260
2978,05-05-2014,16.14660
2979,02-05-2014,16.17840
2980,30-04-2014,16.19400
2981,29-04-2014,16.42390
2982,28-04-2014,16.38570
2983,25-04-2014,16.27140
2984,23-04-2014,16.23620
2985,22-04-2014,16.19170
2986,21-04-2014,16.06100
2987,17-04-2014,15.96810
2988,16-04-2014,15.83410
2989,15-04-2014,15.95900
2990,11-04-2014,15.88050
2991,10-04-2014,15.78320
2992,09-04-2014,15.77210
2993,07-04-2014,15.72380
2994,04-04-2014,15.65540
2995,03-04-2014,15.50160
2996,02-04-2014,15.52610
2997,01-04-2014,15.32360
2998,31-03-2014,15.27610
2999,28-03-2014,15.16980
3000,27-03-2014,15.01600
3001,26-03-2014,15.01720
3002,25-03-2014,15.01700
3003,24-03-2014,14.98330
3004,21-03-2014,14.93890
3005,20-03-2014,14.80450
3006,19-03-2014,14.71180
3007,18-03-2014,14.79610
3008,14-03-2014,14.65270
3009,13-03-2014,14.71210
3010,12-03-2014,14.71750
3011,11-03-2014,14.64490
3012,10-03-2014,14.55760
3013,07-03-2014,14.52750
3014,06-03-2014,14.66780
3015,05-03-2014,14.54480
3016,04-03-2014,14.41660
3017,03-03-2014,14.27530
3018,28-02-2014,14.21020
3019,26-02-2014,14.17330
3020,25-02-2014,14.27040
3021,24-02-2014,14.19050
3022,21-02-2014,14.03700
3023,20-02-2014,13.89130
3024,19-02-2014,13.80100
3025,18-02-2014,13.68010
3026,17-02-2014,13.64230
3027,14-02-2014,13.59480
3028,13-02-2014,13.67800
3029,12-02-2014,13.68740
3030,11-02-2014,13.69830
3031,10-02-2014,13.74020
3032,07-02-2014,13.55520
3033,06-02-2014,13.58830
3034,05-02-2014,13.54310
3035,04-02-2014,13.47170
3036,03-02-2014,13.49950
3037,31-01-2014,13.60590
3038,30-01-2014,13.46610
3039,29-01-2014,13.49770
3040,28-01-2014,13.56780
3041,27-01-2014,13.68290
3042,24-01-2014,13.86880
3043,23-01-2014,13.95370
3044,22-01-2014,13.93020
3045,21-01-2014,13.86590
3046,20-01-2014,13.81440
3047,17-01-2014,13.78410
3048,16-01-2014,14.00420
3049,15-01-2014,14.02090
3050,14-01-2014,13.82490
3051,13-01-2014,13.79090
3052,10-01-2014,13.81430
3053,09-01-2014,13.86440
3054,08-01-2014,14.00810
3055,07-01-2014,13.92140
3056,06-01-2014,13.85680
3057,03-01-2014,13.84940
3058,02-01-2014,13.75530
3059,01-01-2014,13.74180
3060,31-12-2013,13.72770
3061,30-12-2013,13.58620
3062,27-12-2013,13.50240
3063,26-12-2013,13.48110
3064,24-12-2013,13.26830
3065,23-12-2013,13.18860
3066,20-12-2013,13.17760
3067,19-12-2013,13.13920
3068,18-12-2013,13.06720
3069,17-12-2013,12.95690
3070,16-12-2013,13.03450
3071,13-12-2013,12.98910
3072,12-12-2013,13.00210
3073,11-12-2013,13.01290
3074,10-12-2013,13.03250
3075,09-12-2013,13.02820
3076,06-12-2013,13.04390
3077,05-12-2013,13.03190
3078,04-12-2013,12.97990
3079,03-12-2013,13.00480
3080,02-12-2013,13.00120
3081,29-11-2013,12.95090
3082,28-11-2013,12.87730
3083,27-11-2013,12.83890
3084,26-11-2013,12.85910
3085,25-11-2013,12.85480
3086,22-11-2013,12.77750
3087,21-11-2013,12.79570
3088,20-11-2013,12.95490
3089,19-11-2013,13.10680
3090,18-11-2013,13.08940
